dy,station_01_temperature_degrees_celcius,station_02_temperature_degrees_celcius,station_01_wind_speed_m_per_s,station_02_wind_speed_m_per_s,gas_demand_mcm
01/10/2013,10.32,11.58,8.47,6.32,71.87
02/10/2013,10.35,11.54,9.23,7.31,76.93
03/10/2013,11.67,13.28,10.13,6.67,72.7
04/10/2013,13.19,15.27,10.33,5.32,61.3
05/10/2013,12.49,14.17,5.9,3.6,52.51
06/10/2013,11.5,13.37,3.06,2.67,55.31
07/10/2013,11.85,13.39,3.51,2.52,66.54
08/10/2013,14.17,14.56,6.08,3.89,63.46
09/10/2013,12.62,12.61,8.17,6.01,67.59
10/10/2013,9.8,8.16,7.09,5.76,82.72
11/10/2013,8.58,6.31,4.13,3.61,97.83
12/10/2013,9.45,7.78,5.99,5.39,84.03
13/10/2013,8.73,8.59,13.55,10.12,97.22
14/10/2013,10.1,9.91,7.15,6.51,100.31
15/10/2013,9.81,9.62,5.99,6.48,97.56
16/10/2013,11.05,9.51,9.64,6.49,94.94
17/10/2013,12.25,11.27,10.53,6.45,83.31
18/10/2013,11.81,10.96,6.73,4.72,82.21
19/10/2013,12.79,13.13,7.88,6.42,68.8
20/10/2013,13.54,14.52,8.96,8.18,60.84
21/10/2013,14.94,14.8,8.16,7.43,67.19
22/10/2013,15.95,16.64,8.73,8.89,57.94
23/10/2013,14.57,14.75,10.95,8.9,59.49
24/10/2013,12.41,11.72,4.93,4.34,67.84
25/10/2013,14.63,15.05,8.2,7.61,66.56
26/10/2013,14.86,15.5,10.24,8.88,51.78
27/10/2013,14.49,14.13,17.14,13.92,57.09
28/10/2013,13.44,13.12,19.05,15.85,71.78
29/10/2013,10.59,9.6,11.9,9.03,85.4
30/10/2013,9.59,8.44,9.39,6.68,92.12
31/10/2013,10.1,10.28,11.05,9.22,92.75
01/11/2013,10.22,10.36,9.14,7.55,86.02
02/11/2013,10.57,11.28,9.28,8.65,82.4
03/11/2013,8.89,8.46,13.79,12.6,92.1
05/11/2013,7.45,7,11.53,9.3,122.54
06/11/2013,11.25,10.31,13.3,9.67,107.24
07/11/2013,10.95,9.81,6.92,4.62,94.51
08/11/2013,9.14,8.93,7.87,7.09,98.57
09/11/2013,8.13,7.73,10.21,8.75,96.65
10/11/2013,6.13,5.09,6.06,5.52,108.49
11/11/2013,6.87,6.08,10.58,6.56,122.23
12/11/2013,6.46,6.05,5.52,5.1,127.21
13/11/2013,6.3,5.13,6.5,3.2,123.96
14/11/2013,6.27,5.8,6.77,5.9,132.82
15/11/2013,5.65,4.46,3.97,3.44,123.7
16/11/2013,4.9,2.57,4.06,2.36,123.78
17/11/2013,6.15,4.55,3.68,2.84,117.62
18/11/2013,5.74,4.71,8,5.9,136.88
21/11/2013,3.38,3.08,7.16,7.42,157.22
22/11/2013,5.02,4.01,7.58,7.72,150.66
23/11/2013,5.49,3.5,5.64,5.18,129.82
24/11/2013,6.07,5.01,8.36,5.64,128.34
25/11/2013,4.44,3.22,7.54,4.46,149.47
26/11/2013,4.41,3,5.42,3.44,148.01
27/11/2013,5.52,2.64,6.36,4.47,142.23
28/11/2013,6.05,4.16,7.04,2.97,134.13
29/11/2013,6.27,4.27,12.03,7.76,137.02
30/11/2013,5.82,4.31,6.01,3.86,125.24
01/12/2013,6.11,4.7,5.41,3.86,121.06
02/12/2013,3.64,1.65,3.91,3.93,146.35
03/12/2013,2.59,-0.44,4.39,2.54,163.93
04/12/2013,4.36,3.06,8.58,5.76,158.56
05/12/2013,5.25,3.81,19.63,13.66,168.54
06/12/2013,3.67,3.78,14.96,11.85,170.63
07/12/2013,5.92,4.85,9.81,6.7,139.88
08/12/2013,7.97,5.73,15.05,9.54,124.93
09/12/2013,7.17,4.42,11.68,5.74,136.28
10/12/2013,3.43,1.73,5.12,2.66,150.07
11/12/2013,2.08,0.91,5.12,3.79,167.15
12/12/2013,1.34,0.12,6.73,4.45,173.48
13/12/2013,2.71,1.31,7.24,4.77,169.96
14/12/2013,5.74,5.2,10.8,8.41,139
15/12/2013,7.36,6.02,12.27,9.04,129.02
16/12/2013,6.96,6.89,11.08,8.36,132.01
17/12/2013,4.28,4.74,6.95,4.27,144.59
18/12/2013,5.21,5.75,12.04,8.85,141.22
19/12/2013,4,5.46,8.83,7.89,141.28
20/12/2013,4.92,5.27,12.05,9.73,143.83
21/12/2013,5.89,5.73,16.07,13.02,137.21
22/12/2013,6.37,6.64,13.59,10.43,128.25
23/12/2013,7.34,7.91,17.83,14.68,131.51
24/12/2013,8.68,9.27,16.38,15.04,115.77
25/12/2013,6.69,6.81,9.73,8.36,113.04
26/12/2013,5.74,5.26,9.34,6.79,125.71
27/12/2013,7.58,7.13,14.79,10.65,129.95
28/12/2013,6,6.13,9.27,7.68,117.54
29/12/2013,4.97,4.2,9.32,6.85,128.41
01/01/2014,6.9,6.35,14.41,11.51,121.31
02/01/2014,7.11,6.69,11.42,9.25,125.91
03/01/2014,7.25,7.39,14.4,11.6,126.37
04/01/2014,7.16,7.38,10.82,8.58,121.6
05/01/2014,6.25,5.65,12.35,9.89,125.89
06/01/2014,9.93,9.72,14.69,12.22,117.93
07/01/2014,8.73,8.7,12.93,10.28,120
08/01/2014,7.47,7.3,9.8,7.17,125.05
09/01/2014,7.31,6.99,14.85,11.18,131.69
10/01/2014,6.08,5.02,10.97,7.87,135.68
11/01/2014,4.89,3.68,9.41,6.52,136.42
12/01/2014,3.11,2.08,8.1,4.8,143.82
13/01/2014,5.09,4.82,8.72,6.6,148.12
14/01/2014,4.72,3.84,7.36,5.23,154.1
15/01/2014,4.9,4.72,11.52,7.98,158.08
16/01/2014,6.35,6.87,10.13,8.51,141.53
17/01/2014,6.76,6.58,9.49,7.25,134.66
18/01/2014,6.03,6.02,7.89,6.56,122.79
19/01/2014,6.73,6.63,5.86,4.92,123.48
20/01/2014,4.71,4.42,5.98,4.65,151.38
21/01/2014,3.71,4.01,5.38,4.53,156.53
22/01/2014,2.66,2.23,8.14,5.55,163.76
23/01/2014,2.88,3.12,7.39,5.58,166.95
24/01/2014,2.96,2.68,5.35,3.85,161.32
25/01/2014,2.49,3.77,13.25,8.88,157.2
26/01/2014,2.64,4,11,9.28,154.44
27/01/2014,2.1,3.05,11.42,9.19,173.37
28/01/2014,2.86,3.2,11.21,9.22,170.44
29/01/2014,0.16,1.17,10.81,8.87,188.14
30/01/2014,0.85,2.8,6.74,5.18,181.45
31/01/2014,2.9,4.74,11.57,8.69,164.65
01/02/2014,4.04,6.31,13.94,10.41,147.05
02/02/2014,3.31,3.98,10.03,6.83,142.83
03/02/2014,3.27,3.74,9.43,7.1,157.24
04/02/2014,4.48,6.13,12.58,9.47,150.8
05/02/2014,5.85,7.86,16.39,13.38,145.66
06/02/2014,6.16,7.31,12.54,10.4,141.08
07/02/2014,6.26,6.71,14.37,13.55,143.16
08/02/2014,6.71,6.68,16.44,13.85,133.79
09/02/2014,4.94,4.65,16.76,12.19,144.82
10/02/2014,5.38,5.29,6.91,6.53,151.51
11/02/2014,5.35,5.22,11.7,10.77,148.82
12/02/2014,5.37,5.21,15.61,12.28,149.44
13/02/2014,4.87,4.32,10.65,8.14,155.94
14/02/2014,6.46,6.66,15.13,11.69,149.43
15/02/2014,8.18,8.75,20.09,17.2,117.6
16/02/2014,5.56,5.6,10.75,8.29,121.22
17/02/2014,6.43,5.67,7.23,5.63,135.55
18/02/2014,6.12,5.97,7.49,6.37,140.62
19/02/2014,7.2,7.06,8.91,6.28,130.72
20/02/2014,8.25,7.59,11.66,8.41,128.83
21/02/2014,6.46,5.94,11.73,9.45,126.59
22/02/2014,6.11,5.28,10.57,7.76,123.55
23/02/2014,7.43,6.27,11.11,7.49,112.98
24/02/2014,7.79,7.39,9.93,7.62,118.19
25/02/2014,7.74,8.04,10.43,8.59,122.36
26/02/2014,5.57,6.47,7.33,6.66,123.6
27/02/2014,4.98,5.1,10.39,8.57,146.38
28/02/2014,5.56,6.12,6.77,6.73,134.02
01/03/2014,5.81,5.35,6.14,6.31,122.17
02/03/2014,6.16,5.13,10.83,8.27,114.49
03/03/2014,5.61,6.06,8.55,6.95,137.7
04/03/2014,5.89,4.53,4.91,3.96,129.03
05/03/2014,6.41,4.54,5,2.64,122.6
06/03/2014,7.49,6.23,7.77,4.83,118
07/03/2014,6.87,8.24,6.91,5.37,114.64
08/03/2014,9.75,9.26,8.54,4.95,86.58
09/03/2014,9.97,9.22,6.05,4.64,77.69
10/03/2014,8.97,9.82,7.59,5.63,90.11
11/03/2014,8.55,8.58,8.36,6.96,99.05
12/03/2014,8.77,8.4,4.29,3.09,94.74
13/03/2014,8.9,9.13,3.22,2.83,92.1
14/03/2014,8.76,9.18,7.81,4.98,96.74
15/03/2014,9.66,9.87,14.21,10.23,89.9
16/03/2014,10.56,9.33,14.12,7.41,81.9
17/03/2014,10.63,9.61,10,6.24,95.71
18/03/2014,10.44,10.03,13.76,10.32,103.32
19/03/2014,10.52,11.52,13.5,10.14,88.21
20/03/2014,13.79,14.05,12.18,9.78,71.48
21/03/2014,8.27,8.35,9.51,7.95,96.23
22/03/2014,7.56,6.83,11.26,8.86,98.3
23/03/2014,5.68,4.44,8.15,4.89,107.77
24/03/2014,5.27,4.55,5.71,3.83,116.89
25/03/2014,5.81,4.91,6.07,5.57,114.69
26/03/2014,5.34,4.71,4.29,4.16,118.84
27/03/2014,8.38,8.25,7.3,5.08,106.21
28/03/2014,10.72,10.62,6.97,5.52,86.14
31/03/2014,14.45,14.24,5.86,3.89,63.15
01/04/2014,13,13.54,4.06,3.16,59.24
02/04/2014,13.7,14.28,5.86,4.04,58.41
03/04/2014,14.7,15.16,5.03,5.97,55.5
04/04/2014,12.17,12.52,5.14,3.51,62.86
05/04/2014,12.39,12.04,5.12,4.37,53.96
06/04/2014,13.7,14.08,8.79,6.78,57.25
07/04/2014,14.89,15.69,9.53,8.33,55.24
08/04/2014,9.91,8.58,12.89,9.4,76.64
09/04/2014,10.38,9.99,9.54,6.54,76.76
10/04/2014,10.27,11.52,5.9,4.2,73.9
11/04/2014,9.6,11.09,5.15,5.35,70.79
12/04/2014,10.57,10.44,6.95,5.16,65
13/04/2014,10.32,10.05,10.75,7.46,65.67
14/04/2014,8.18,8.29,13.39,10.14,88.16
15/04/2014,6.41,5.69,8.36,6.43,98.03
16/04/2014,8.75,7.93,7.07,4.57,85.31
17/04/2014,10.58,10.36,10.41,6.8,77.42
18/04/2014,8.96,7.86,9.26,7.55,81.34
19/04/2014,11.5,11.36,9.52,8.11,63.54
20/04/2014,14.28,14.89,8.96,6.94,49.42
21/04/2014,12.8,12.83,7.12,5.75,56.96
22/04/2014,13.02,12.57,4.75,5.05,59.84
23/04/2014,14.9,14.26,3.96,3.04,55.33
24/04/2014,14.88,14.46,5.49,5.19,53.73
25/04/2014,15.69,16.31,7.57,7.16,49.09
26/04/2014,13.46,14.48,6.03,4.78,42.96
27/04/2014,12.76,12,6.59,3.97,49.3
28/04/2014,14.19,13.37,4.78,2.96,56.78
29/04/2014,13.24,12.75,5.24,3.51,57.83
30/04/2014,13.05,12.11,5,4.83,57.08
01/05/2014,13.38,13.31,5.67,4.58,52.53
02/05/2014,10.5,10.09,9.24,8.18,66.9
03/05/2014,8.28,8.32,7.17,5.65,64.41
04/05/2014,9.58,9.4,5.45,3.62,64.31
05/05/2014,13.04,13.82,6.37,4.22,60.48
06/05/2014,14.52,15.15,10.38,7.97,55.49
07/05/2014,13.32,12.34,12.78,9.61,60.25
08/05/2014,13.13,12.89,13.01,10.62,70.72
09/05/2014,13.24,12.99,13.81,10.5,62.67
10/05/2014,12.69,12.46,15.44,11.63,65.77
11/05/2014,10.96,10.65,15.44,12.73,70.93
12/05/2014,10.95,9.91,8.54,7.53,77.87
13/05/2014,10.24,9.07,6.98,5.51,73.67
14/05/2014,10.15,8.42,8.42,5.33,75.71
15/05/2014,10.3,8.65,8.06,3.67,75.43
16/05/2014,11.7,11.38,6.9,4.38,62.12
17/05/2014,13.2,12.72,6.58,4.07,48.35
18/05/2014,15.3,16.04,5.08,4,41.08
19/05/2014,18.37,18.63,6.97,6.79,44.55
20/05/2014,18.88,19.03,7.48,7.96,41.87
21/05/2014,18.95,19.05,7.93,7.35,41.09
22/05/2014,18.84,19.55,9.07,9.15,40.23
23/05/2014,17.97,16.87,6.81,6.63,40.23
24/05/2014,16.37,15.97,8.24,7.93,35.21
25/05/2014,17.38,17.44,5.6,5.56,33.94
26/05/2014,17.08,16.62,5.92,5.9,42.9
27/05/2014,15.79,14.08,6.06,4.86,46.54
28/05/2014,13.17,14.26,8.29,4.83,51.27
29/05/2014,11.14,12.47,7.22,5.68,50.93
30/05/2014,12.68,12.06,6.73,5.4,47.29
31/05/2014,14.34,13.68,6.49,4.34,40.18
01/06/2014,14.6,13.77,5.41,3.95,39.76
02/06/2014,15.01,14.72,4.66,3.61,45.38
03/06/2014,15.8,15.62,4.54,3.5,44.59
04/06/2014,15.09,14.43,8.18,7.63,46.82
05/06/2014,13.37,13.37,9.92,7.06,51.1
06/06/2014,18.28,19.32,5,4.26,40.93
07/06/2014,21.03,22.56,5.01,4.5,30.56
08/06/2014,21.02,22.37,4.64,4.88,27.23
09/06/2014,23.03,22.84,6.14,5.75,29.39
10/06/2014,20.81,21.58,5.94,5.14,36.72
11/06/2014,19.47,18.67,4.95,4.8,37.83
12/06/2014,19.34,19.01,5.67,4.47,37.37
13/06/2014,18.75,18.61,7.33,5.93,35.44
14/06/2014,16.06,16.24,7.66,7.44,31.02
15/06/2014,15.77,15.79,6.92,5.66,31.51
16/06/2014,15.73,15.6,7.64,6.33,40.38
17/06/2014,16.06,15.38,7.7,6.77,40.53
18/06/2014,16.87,15.98,6.09,5.62,40.08
19/06/2014,15.79,15.34,7.7,5.91,41.58
20/06/2014,14.14,14,7.61,5.84,40.93
21/06/2014,16.03,16.43,5.71,4.46,33.4
22/06/2014,16.67,17.6,5.99,5.01,32.68
23/06/2014,18.13,17.29,4.67,4.27,39.43
24/06/2014,16.61,16.62,6.19,5.49,40.4
25/06/2014,15.29,15.32,6.62,4.6,41.73
26/06/2014,16.72,17.66,4.04,3.12,40.71
27/06/2014,17.85,17.86,6.21,5.27,37.43
28/06/2014,17.97,17.61,6.23,5.5,31.88
29/06/2014,16.43,14.67,7.79,6.48,32.3
30/06/2014,14.2,13.55,7.51,5.09,42.61
01/07/2014,15.82,15.48,5.63,4.69,41.84
02/07/2014,16.43,15.59,5.33,3.08,41.65
03/07/2014,19.54,19.45,7.43,5.38,39.3
04/07/2014,22.62,22.77,8.99,6.87,35.49
05/07/2014,19.54,19.63,7.87,7.71,30.37
06/07/2014,19.89,19.9,8.83,8.39,29.08
07/07/2014,20.46,19.87,5.59,5.76,38.27
08/07/2014,16.95,14.35,10.46,7.11,42.72
09/07/2014,15.82,14.95,12.85,8.64,46.16
10/07/2014,19.25,18.05,7.05,6.17,39.39
11/07/2014,17.6,17.32,7.55,4.55,37.02
12/07/2014,18.71,17.27,6.78,4.56,32.17
13/07/2014,18.8,17.84,6.41,5.43,29.9
14/07/2014,19.11,18.04,7.69,5.91,37.16
15/07/2014,19.46,18.27,7.01,5.51,38.21
16/07/2014,21.78,21.15,4.96,3.57,36.46
17/07/2014,23.11,23.17,5.62,4.36,33.71
18/07/2014,25.3,25.31,5.94,4.77,30.58
19/07/2014,,26.12,6.6,5.95,25.33
20/07/2014,23.05,22.81,6.09,5.82,25.41
21/07/2014,20.63,18.29,8.23,6.68,31.65
22/07/2014,21.59,20.9,7.46,5.28,31.54
23/07/2014,22.33,21.53,9.09,6.94,30.67
24/07/2014,21.3,19.91,7.11,6.67,30.19
25/07/2014,19.79,19.16,4.95,5.79,30.11
26/07/2014,21.43,19.5,5.89,4.77,25.26
27/07/2014,20.82,20.63,4.25,3.92,25.23
28/07/2014,19.91,19.9,6.8,4.52,30.58
29/07/2014,20.26,20.49,7.46,7.46,31.43
30/07/2014,18.68,17.32,6.01,5.12,31.1
31/07/2014,19.88,18.82,5.82,3.84,30.82
01/08/2014,20.55,20.76,4.51,3.08,30.04
02/08/2014,22.13,20.64,7.59,5.22,25.8
03/08/2014,20.21,19.54,5.21,4.46,24.8
04/08/2014,19.23,18.79,5.62,4.21,30.73
05/08/2014,19.8,17.78,6.57,3.32,31.97
06/08/2014,18.9,18.19,8.33,4.96,32.9
07/08/2014,20.09,18.8,5.15,4.14,33.33
08/08/2014,20.64,19.45,7.08,5.13,32.77
09/08/2014,20.53,18.57,9.24,7.22,27.12
10/08/2014,20.43,19.57,10.88,8.77,27.85
11/08/2014,18.46,16.97,12.18,9.54,34.7
12/08/2014,16.18,15.38,10.58,7.43,36.39
13/08/2014,17.28,15.83,9.75,6.36,36.9
14/08/2014,16.46,14.62,7.91,5.13,36.93
15/08/2014,16.32,14.34,7.27,5.26,34.06
16/08/2014,16.44,14.97,10.99,6.88,31.41
17/08/2014,15.87,14.94,12.45,9.95,35.02
18/08/2014,15.67,14.87,9.94,8.43,43.99
19/08/2014,13.96,13.09,8.66,7.5,46.33
20/08/2014,13.03,12.68,5.58,4.51,48.5
21/08/2014,14.68,14.1,8.49,5.9,47.31
22/08/2014,14.03,14.37,7.97,7.34,48.43
23/08/2014,13.74,13.15,8.04,5.94,41.9
24/08/2014,13.7,12.26,7.2,4.12,41.09
25/08/2014,14.43,14.29,6.38,4.6,52.02
26/08/2014,14.54,13.82,6.85,6.28,53.04
27/08/2014,15.48,15.99,5.62,4.7,46.69
28/08/2014,16.85,17.69,6.75,5.7,44.21
29/08/2014,17.8,17.77,9.11,7.07,40.38
30/08/2014,16.26,15.91,7.96,6.28,36.99
31/08/2014,15.16,14.1,6.55,5.08,37.65
01/09/2014,15.64,14.81,6.14,2.9,44.74
02/09/2014,16.34,15.76,5.95,4.1,44.24
03/09/2014,16.75,16.91,7.06,6.59,43.15
04/09/2014,18.79,18.65,4.57,3.69,40.52
05/09/2014,19.34,18.32,2.95,2.81,38.28
06/09/2014,17.72,17.26,4.58,3.27,33.4
07/09/2014,16.85,16.89,3.79,3.02,32.31
08/09/2014,16.13,15.74,3.48,3.22,41.35
09/09/2014,16.36,15.14,4.65,3.32,44.27
10/09/2014,15.22,14.44,5.19,3.95,47.2
11/09/2014,15.03,14.48,7.16,5.17,47.38
12/09/2014,15.81,14.72,7.66,5.48,45.74
13/09/2014,15.78,15.13,7.1,6.04,38.36
14/09/2014,16.15,15.27,4.86,4.87,38.25
15/09/2014,17.09,16.74,3.81,3.81,44.54
16/09/2014,17.53,16.81,3.52,2.38,43.21
17/09/2014,18.51,18.42,5.81,4.71,40.87
18/09/2014,18.45,19.16,6.02,5.93,40.68
19/09/2014,18.3,18.52,3.69,3.98,39.47
20/09/2014,18.91,17.78,4.89,4.15,33.29
21/09/2014,16.54,15.14,10.21,5.85,35.22
22/09/2014,13.01,12.18,9.01,6.5,50.25
23/09/2014,12.69,11.92,6.7,3.46,54.65
24/09/2014,12.95,12.85,7.24,6.78,59.56
25/09/2014,14.57,13.03,10.32,6.42,56.53
26/09/2014,14.78,14.03,7.66,4.93,54.91
27/09/2014,15.48,14.1,4.88,2.92,44.31
28/09/2014,15.56,15.77,4.12,3.06,
29/09/2014,15.79,15.99,5.12,4.28,49.95
30/09/2014,15.24,16.08,5.06,4.24,48.18
01/10/2014,16.33,15.85,4.74,3.33,49.1
02/10/2014,15.68,15.1,3.78,2.46,49.04
03/10/2014,15.55,15.15,4.7,3.09,
04/10/2014,14.54,14.7,7.03,5.19,41.04
05/10/2014,12.89,12.69,5.71,3.99,48.93
06/10/2014,13.56,13.75,9.1,6.7,60.39
07/10/2014,12.42,12.49,12.55,9.23,65.15
08/10/2014,14.19,14.53,9.88,8.35,69.92
09/10/2014,14.86,15.42,9.73,8.87,60.24
10/10/2014,13.74,13.83,6.21,5.66,58.66
11/10/2014,12.46,12.49,5.32,3.63,58.81
12/10/2014,14.19,14.12,5.81,6.35,54.53
13/10/2014,14.33,14.5,7.88,7.25,62.81
14/10/2014,13.33,13.53,9.76,8.24,69.86
15/10/2014,13.64,13.76,5.46,5,64.11
16/10/2014,15.02,14.44,7.9,5.43,62.22
17/10/2014,14.66,14.04,8.19,5.77,58.07
18/10/2014,16.65,15.96,8,5.83,44.47
19/10/2014,15.3,15.48,9.95,7.67,43.73
20/10/2014,15.06,13.85,9.87,7.18,57.34
21/10/2014,11.65,11.02,17.02,11.55,77.43
22/10/2014,9.71,8.38,10.83,10.06,90.61
23/10/2014,11.28,9.8,10.9,7.32,86.39
24/10/2014,10.74,10.1,9.71,6.71,86.67
25/10/2014,10.48,10.3,5.91,4.6,75.96
26/10/2014,11.16,11.66,6.66,4.21,72.04
27/10/2014,10.13,10.17,7.23,3.93,78.33
28/10/2014,7.8,8.37,8.12,6.08,92.16
29/10/2014,10.08,9.16,5.59,3.52,94.74
30/10/2014,11.26,10.37,5.48,3.85,83.66
31/10/2014,12.12,11.01,5.76,3.9,72.99
01/11/2014,12.76,12.12,6.22,4.16,57.95
02/11/2014,11.59,11.9,9.97,7.52,58.32
04/11/2014,9.29,10.15,6.31,6.53,91.33
05/11/2014,8.67,7.32,5.43,4.62,104.28
06/11/2014,6.92,5.99,6.39,5.05,113.37
07/11/2014,8.84,8.43,12.9,9.14,112.59
08/11/2014,9.83,9.27,9.93,7.56,87.22
09/11/2014,10.32,9.74,7.88,5.88,84.63
10/11/2014,9.55,9,8.55,6.9,94.68
11/11/2014,10.65,11,8.35,7.42,95.89
12/11/2014,9.45,9.38,6.88,4.7,98.6
13/11/2014,9.15,8.51,6.38,4.7,100.23
14/11/2014,10.37,9.98,7.39,5.85,96.68
15/11/2014,9.44,9.47,6.06,4.89,88.04
16/11/2014,8.57,7.88,5.37,3.47,92.94
17/11/2014,9.06,8.44,7.05,5.03,102.1
18/11/2014,7.94,7.74,6.68,4.67,113.15
19/11/2014,7.6,6.38,4.26,2.97,114.73
20/11/2014,6.21,5.56,5.26,4.89,125.43
21/11/2014,5.48,5.28,6.12,4.39,126.02
22/11/2014,8.51,8.19,5.98,4.13,101.54
23/11/2014,9.48,9.5,7.22,5.25,88.67
24/11/2014,5.83,5.06,4.42,2.27,115.71
25/11/2014,4.93,5.74,6.94,6.4,134.64
26/11/2014,5.5,6.52,8.73,5.49,139.15
27/11/2014,6.69,7.26,8.3,6.15,127.17
28/11/2014,4.94,6.67,9.18,8.62,132.12
29/11/2014,2.93,4.33,6.96,6.53,135.34
30/11/2014,2.29,3.44,7.1,4.79,143.13
01/12/2014,1.7,2.59,8.23,6.66,169.57
02/12/2014,1.44,1.64,6.61,6.63,176.32
03/12/2014,0.19,-0.06,9.3,7.52,192.2
04/12/2014,1.44,1.76,5.32,3.22,182.79
05/12/2014,4.49,4.26,6.4,5.19,158.21
06/12/2014,4.14,4.03,4.78,3.41,133.82
07/12/2014,4.67,3.23,10.61,8.49,146.03
08/12/2014,3.58,2.76,8.4,6.77,164.28
09/12/2014,3.75,3.34,10.45,7.57,166.39
10/12/2014,6.18,4.4,13.68,9.72,152.23
11/12/2014,7.06,5.26,16.73,12.39,157.02
12/12/2014,6.81,6.1,13.17,11.9,144.46
13/12/2014,3.66,3.33,5.68,5.51,138.85
14/12/2014,3.15,2.43,10.73,8.12,147.14
15/12/2014,5.37,5.22,8.62,7.71,150.98
16/12/2014,4.84,4.9,7.87,6.64,149.67
17/12/2014,8.48,7.92,10.87,8.44,137.09
18/12/2014,11.59,9.95,17.71,11.3,114.11
19/12/2014,9.24,7.07,16.55,10.38,119.08
20/12/2014,7.24,6.39,15.28,10.57,126.3
21/12/2014,8.06,6.08,17.41,11.39,121.82
22/12/2014,10.63,8.5,21.23,14.15,116.88
23/12/2014,10.25,8.27,17.66,12.14,106.48
24/12/2014,7.8,5.53,16.12,9.97,114.62
25/12/2014,4.9,3.38,8.95,6.33,123.59
26/12/2014,2.58,1.97,8.77,6.32,143.32
27/12/2014,0.4,-0.61,14.37,10.79,174.57
28/12/2014,-0.91,-3,9.05,6.76,180.66
29/12/2014,2,0.65,8.09,4.59,171.79
01/01/2015,3.57,1.57,14.07,10.05,155.49
02/01/2015,6.33,4.14,14.87,8.47,148.43
03/01/2015,3.7,2.47,8.59,5.49,152.96
04/01/2015,2.72,2.13,8.21,6.12,151.67
05/01/2015,2.26,0.68,7.9,4.55,176.27
06/01/2015,1.99,1.14,7.38,6.21,175.03
07/01/2015,2.73,2.32,11.1,8.26,168.8
08/01/2015,5.46,4.78,12.5,9.7,158.59
09/01/2015,10.25,9.22,22.05,15.04,138.14
10/01/2015,9.27,9.33,21.28,14.25,119.87
11/01/2015,6.13,5.83,18.74,14.73,139.89
12/01/2015,8.4,7.35,19.72,15.64,146.56
13/01/2015,6.65,6.2,12.75,11.96,142.59
14/01/2015,4.53,4.28,14.54,10.87,160.18
15/01/2015,6.91,7.01,16.85,15.44,148.28
16/01/2015,4.21,5.49,8.3,8.18,147.19
17/01/2015,3.11,2.3,9.53,7.22,148.27
18/01/2015,2.58,2.16,5.28,5.81,157.02
19/01/2015,0.7,0.56,2.6,2.62,176.7
20/01/2015,0.9,0.42,5.21,3.05,179.51
21/01/2015,0.25,-0.56,6.48,4.94,191.89
22/01/2015,-0.1,-0.65,6.61,6.61,201.53
23/01/2015,-1.03,-1.37,8.03,5.36,201.72
24/01/2015,2.38,1.44,9.54,6.09,170.17
25/01/2015,3.97,2.42,8.7,5.72,160.13
26/01/2015,4.95,3.86,9.86,6.58,165.7
27/01/2015,4.44,3.32,9.11,6.65,161.87
28/01/2015,4.29,3.11,16.55,11.97,173.36
29/01/2015,2.23,1.94,12.14,10.9,179.06
30/01/2015,1.58,0.81,8.1,6.88,176.17
31/01/2015,1.1,0.73,6.25,5.7,160.91
01/02/2015,2.58,1.59,7.8,6.32,162.69
02/02/2015,1.72,0.38,7.98,6.46,181.11
03/02/2015,0.83,-0.08,4.43,3.75,179.75
04/02/2015,0.04,-0.74,4.16,4.04,186.02
05/02/2015,-0.52,-1.31,8.88,7.84,201
06/02/2015,-0.85,-1.23,10.13,10.17,200.66
07/02/2015,2.41,1.07,8.71,5.28,174.69
08/02/2015,3.43,2.49,11.1,7.44,159.09
09/02/2015,4.18,3.01,10.59,5.24,166.61
10/02/2015,5.1,3.62,5.52,4.4,156.55
11/02/2015,3.16,1,3.93,3.31,164.97
12/02/2015,3.03,0.51,5.59,2.6,165.91
13/02/2015,5.42,4.72,10.57,7.12,146.34
14/02/2015,5.81,6.26,7.98,7,128.6
15/02/2015,2.38,3.03,6.36,4.96,137.15
16/02/2015,2.84,2.77,5.39,4.93,157.32
17/02/2015,2.91,2.9,5.98,4.01,160.62
18/02/2015,2.01,0.08,7.38,4.19,166.32
19/02/2015,3.5,3.12,12.3,8.96,162.8
20/02/2015,4.77,4.93,9.26,10.34,158.62
21/02/2015,2.77,2.97,5.9,6.46,146.38
22/02/2015,3.71,2.95,13.09,9.81,145.79
23/02/2015,5.57,5.29,12.93,10.82,149.99
24/02/2015,5.05,4.25,11.9,8.98,153.13
25/02/2015,4.55,4.04,7.54,5.48,154.47
26/02/2015,6.11,6.01,10.5,8.32,144.85
27/02/2015,3.91,3.28,8.2,7.15,142.61
28/02/2015,5.73,5.12,14.79,10.77,133.08
01/03/2015,7.39,7.65,14.95,12.3,118.72
02/03/2015,5.4,4.42,15.18,10.99,147.61
03/03/2015,4.72,3.92,11.49,9.08,159.63
04/03/2015,4.82,4.33,11.74,8.83,156.57
05/03/2015,5.4,4.09,7.56,5.17,142.86
06/03/2015,5.76,4.57,8.37,5.66,139.97
07/03/2015,7.41,7.13,9.13,6.7,114.84
08/03/2015,8.12,8.89,8.35,5.65,95.78
09/03/2015,8.08,7.86,7.19,4.69,113.37
10/03/2015,6.57,6.94,5.72,4.82,111.85
11/03/2015,4.45,3.88,5.7,3.64,130.35
12/03/2015,6.15,5.79,7.86,5.56,121.54
13/03/2015,4.68,4.72,8.01,6.69,128.02
14/03/2015,4.27,3.93,9.1,7.71,137.04
15/03/2015,5.55,6.02,8.75,8.98,134.57
16/03/2015,6.69,6.36,5.56,5.19,124.94
17/03/2015,8.39,8.37,4.43,3.93,107.1
18/03/2015,6.15,7.87,7.66,6.69,118.27
19/03/2015,6.73,6.12,5.13,2.99,122.89
20/03/2015,5.13,4.61,5.04,4.08,131.32
21/03/2015,6.87,6.75,11.1,9.79,117.74
22/03/2015,3.96,3.14,6.11,5.58,123.2
23/03/2015,4.53,5.02,5.75,3.6,130.9
24/03/2015,7.01,7.09,4.54,4.68,120.82
25/03/2015,6.12,6.11,6.57,5.18,135.28
26/03/2015,6.38,5.68,12.12,8.4,141.3
27/03/2015,5.97,5.4,10.43,7.09,131.13
30/03/2015,7.7,7.86,17.43,13.29,127.29
31/03/2015,8.27,8.99,22.19,18.87,125.11
01/04/2015,6.39,6.23,17.35,13.99,135.95
02/04/2015,5.45,4.46,12.06,7.81,128.95
03/04/2015,6.5,6.59,6.62,4.53,121.48
04/04/2015,4.6,4.47,7.13,7.64,116.59
05/04/2015,5.5,4.8,5.45,4.79,101.19
06/04/2015,6.04,4.88,4.81,2.96,113.03
07/04/2015,7.31,6.35,6.66,3.57,109.86
08/04/2015,8.27,7.16,5.08,3.31,101.57
09/04/2015,10.49,10.86,3.63,3.13,82.72
10/04/2015,12.74,14.24,4.57,4.07,68.95
11/04/2015,9.56,9.6,10.05,7.97,75.75
12/04/2015,11.12,11.85,11.19,8.85,69.03
13/04/2015,9.34,10.14,6.1,4.2,82.74
14/04/2015,12.46,14.56,8.85,7.03,67.48
15/04/2015,14.74,15.18,8.09,5.78,56.94
16/04/2015,12.49,12.2,8.84,7.44,63.64
17/04/2015,8.8,9.02,8.1,8.13,75.21
18/04/2015,8.06,7.95,8.13,7.57,69.69
19/04/2015,8.95,8.84,4.97,4.88,70.93
20/04/2015,11.66,11.78,7.57,6.06,70.37
21/04/2015,11.48,11.49,8.13,5.93,67.88
22/04/2015,9.77,9.65,6.71,6.45,79.49
23/04/2015,10.11,8.76,4.26,3.83,74.07
24/04/2015,13.71,14.22,6.9,5.89,61.14
25/04/2015,13.46,13.18,8.54,7.38,57.12
26/04/2015,10.89,12.79,6.81,7.44,62.49
27/04/2015,9.21,9.21,7.72,8.73,72.52
28/04/2015,8.01,7.4,11.05,7.36,87.91
29/04/2015,9.27,10.33,9.36,8.12,86.1
30/04/2015,9.26,9.33,8.38,6.36,81.36
01/05/2015,9.11,9.71,5.44,6.13,73.17
02/05/2015,11.04,12.71,5.72,4.97,61.17
03/05/2015,13,14.41,9.88,7.19,60.58
04/05/2015,16.21,16.69,8.64,7.33,53.46
05/05/2015,16.26,16.51,13.42,11.41,48.71
06/05/2015,12.94,12.46,16.36,12.85,58.76
07/05/2015,12.49,12.18,7.9,6.38,61.72
08/05/2015,15.56,16.15,6.14,4.87,51.39
09/05/2015,13.37,13.51,13.82,9.77,47.68
10/05/2015,14.49,14.25,6.35,4.36,44.61
11/05/2015,16.39,18.55,7.01,5.44,46.42
12/05/2015,14.93,15.39,8.66,7.06,46.08
13/05/2015,13.47,14.37,5.85,5.47,47.07
14/05/2015,12.35,13.23,7.53,6.56,47.43
15/05/2015,10.55,11.12,6.76,6.21,54.25
16/05/2015,12.47,11.15,8.16,5.73,57.78
17/05/2015,12.46,13.06,7.73,5.49,48.37
18/05/2015,12.22,13.78,11.34,10.22,65.03
19/05/2015,11.46,9.73,11.26,9.01,66.73
20/05/2015,10.62,8.79,8.65,6.34,67.25
21/05/2015,12.78,11.81,7.82,5.02,59.35
22/05/2015,14.06,13.05,6.91,4.34,51.85
23/05/2015,11.44,11.46,6.9,5.09,48.16
24/05/2015,13.28,13.6,5.34,3.73,41.78
25/05/2015,12.95,12.97,7.68,6.41,46.08
26/05/2015,12.27,11.86,8.27,5.68,58.25
27/05/2015,13.72,13.28,8.91,5.24,53.99
28/05/2015,12.65,13.59,8.45,7.08,55.21
29/05/2015,12.64,12.81,9.7,9.27,59.61
30/05/2015,13.01,12.48,9.04,6.69,49.34
31/05/2015,13.62,14.2,10.21,8.89,53.13
01/06/2015,14.97,15.18,8.94,6.82,53.33
02/06/2015,16.39,16.75,16.3,12.42,57.82
03/06/2015,16.11,15.2,7.66,5.7,49.99
04/06/2015,17.86,19.24,6.04,5.42,41.72
05/06/2015,21.17,23.01,7.57,6.29,35.49
06/06/2015,16.76,16.39,7.97,5.96,31.13
07/06/2015,16.04,15.86,6.21,6.36,33.56
08/06/2015,15.13,14.23,9.51,9.46,42.62
09/06/2015,13.25,12.99,9.64,8.66,48.27
10/06/2015,16.41,17.3,9.33,8.47,43.25
11/06/2015,19.37,19.9,8.12,7.15,39.86
12/06/2015,22.83,22.64,7.55,7.32,34.9
13/06/2015,17.94,18.53,9.45,9.28,29.69
14/06/2015,16.84,17.81,5.88,6.91,32.26
15/06/2015,14.4,14.8,8.23,7.39,41.38
16/06/2015,13.84,13,5.35,4.72,44.26
17/06/2015,16.73,17.65,9.21,7.2,40.95
18/06/2015,14.88,14.91,9.5,7.63,41.54
19/06/2015,13.57,13.2,8.27,6.37,43.96
20/06/2015,13.59,13.49,6.2,4.23,39.13
21/06/2015,14.81,15.17,8.42,7.42,36.99
22/06/2015,13.63,12.88,7.32,7,49.81
23/06/2015,13.41,13.85,9.02,8.41,53.25
24/06/2015,15.88,15.96,7.03,4.54,45.01
25/06/2015,18.44,18.42,5.09,4.14,39.92
26/06/2015,21.12,21.19,6.88,5.23,36.07
27/06/2015,17.55,17.33,7.65,6.21,30.01
28/06/2015,18.96,19.63,6.91,4.78,30.04
29/06/2015,18.21,19.04,4.41,4.08,37.24
30/06/2015,21.75,22.78,4.94,4.85,35.9
01/07/2015,26.32,26.76,6.93,5.93,33.75
02/07/2015,24.37,25.27,5.53,5.96,33.43
03/07/2015,25.14,24.61,6.37,5.44,30.86
04/07/2015,24.71,25.4,6.85,5.78,25.31
05/07/2015,22.29,22.26,6.88,5.54,25.69
06/07/2015,21.66,21.44,7.96,5.48,34.09
07/07/2015,23.21,22.78,10.57,8.98,36.31
08/07/2015,17.19,16.28,11.17,8.9,39.48
09/07/2015,15.03,14.76,8.88,5.77,42.22
10/07/2015,18.4,18.75,6.09,4.66,37.45
11/07/2015,20.43,21.51,6.03,5.99,27.81
12/07/2015,20.01,19.22,10.08,7.44,27.61
13/07/2015,18.28,17.87,11.09,7.96,36.76
14/07/2015,18.65,18.83,7.83,6.03,36.91
15/07/2015,19.33,19.94,6.85,5.3,38.56
16/07/2015,22.48,22.56,5.69,5.64,36.11
19/07/2015,20.17,18.5,7.7,5.08,27.52
20/07/2015,21.68,21.55,8.1,5.6,34.46
21/07/2015,23.1,22.84,8.04,6.55,33.17
22/07/2015,23.52,20.55,8.49,6.59,34.69
23/07/2015,20.63,19.8,5.54,4.2,35.63
24/07/2015,22.67,20.85,5.55,4.88,33.78
25/07/2015,16.85,15.1,13.13,9.09,32.27
26/07/2015,16.88,16.48,9.59,7.39,29.93
27/07/2015,17.27,17.05,13.29,11.39,36.65
28/07/2015,16.95,16.23,10.44,10.3,39.62
29/07/2015,15.56,14.9,10.97,7.5,41.52
30/07/2015,15,13.15,6.96,4.12,41.32
31/07/2015,15.79,15.85,4,4.64,37.9
01/08/2015,18.17,17.15,4.78,3.59,29.89
02/08/2015,19.53,19.3,5.14,3.86,27.78
03/08/2015,22.64,23.25,6.14,6.1,32.64
04/08/2015,20.05,18.25,8.88,5.43,34.25
05/08/2015,22.27,21.4,6.01,4.46,32.14
06/08/2015,22.82,23.05,5.92,5.33,33.58
07/08/2015,23.58,23.01,5.15,5.45,32.83
08/08/2015,22.57,20.01,6.01,5.04,28.97
09/08/2015,22.45,20.68,3.66,3.52,26.89
10/08/2015,22.88,21.28,4.57,3.34,37
11/08/2015,23.25,21.91,5.03,4.93,37.65
12/08/2015,23.16,22,7.39,6.77,35.46
13/08/2015,24.92,24.13,6.79,7.38,38.16
14/08/2015,24.21,21.51,6.48,6.52,
15/08/2015,19.81,17.61,6.3,5.37,27.39
16/08/2015,17.94,15.8,7.78,5.83,29.23
17/08/2015,15.56,14.54,8.88,6.92,40.07
18/08/2015,15.39,15.33,8.88,6.2,42.24
19/08/2015,17.25,16.23,6.38,4.56,39.62
20/08/2015,18.39,17.73,5.93,3.29,37.86
21/08/2015,20.35,19.6,5.1,3.48,34.92
22/08/2015,20.66,20.15,6.78,5.59,28.27
23/08/2015,19.51,19.85,9.52,8.24,29.13
24/08/2015,19.12,18.8,11.15,10.44,36.41
25/08/2015,17.03,16.22,12.16,9.14,40.39
26/08/2015,19.89,20.18,9.28,7.96,38.65
27/08/2015,17.08,16.87,8.16,6.66,41.69
28/08/2015,18.1,17.54,5.99,4.17,38.5
29/08/2015,20.73,20.89,4.53,4.17,32.16
30/08/2015,23.02,23.43,6.15,5.51,29.3
31/08/2015,22.08,21.88,6.78,7.13,40.18
01/09/2015,18.63,17.13,7.82,6.8,41.33
02/09/2015,15.17,14.55,6.31,3.69,43.08
03/09/2015,14.58,13.72,6.71,5.29,46.76
04/09/2015,14.89,13.76,9.9,9.07,46.17
05/09/2015,13.52,12.33,10.22,6.75,43.39
06/09/2015,13.48,12.45,9.93,7.25,44.32
07/09/2015,14.09,13.74,7.93,5.01,50.89
08/09/2015,14.06,14.13,4.46,4.1,49.9
09/09/2015,13.78,14.5,6.21,6.37,49.23
10/09/2015,14.73,13.73,6.87,6.55,50.92
11/09/2015,15.11,14.84,6.32,4.84,47.98
12/09/2015,16.42,16.32,6.41,6.46,40.67
13/09/2015,16.81,16.87,8.79,7.51,37.09
14/09/2015,14.75,14.15,10.18,7.9,51.12
15/09/2015,14.28,13.86,10.47,9.18,60.58
16/09/2015,17.06,17.78,10.25,11.31,58.04
17/09/2015,16,15.11,8.6,8.84,59.19
18/09/2015,14.87,14.33,6.68,6.96,53.53
19/09/2015,14.57,13.48,5.86,4.62,47.07
20/09/2015,14.38,12.68,8.11,4.1,46.34
21/09/2015,13.94,13.38,8.1,5.98,56.75
22/09/2015,13.44,12.6,5.93,5.62,62.96
23/09/2015,13.07,11.35,8.32,6.59,64.21
24/09/2015,13.26,11.83,10.66,6.58,71.67
25/09/2015,12.25,12.14,6.57,3.86,62.94
26/09/2015,12,11.46,5.15,3.88,57.1
27/09/2015,12.42,11.51,6.08,6.09,55.68
28/09/2015,12.15,11.07,7.07,6.63,67.85
29/09/2015,12.22,11.4,8.25,7.68,68.93
30/09/2015,11.7,11.44,6.74,7.84,69.9
01/10/2015,10.81,10.65,6.07,6.79,73.07
02/10/2015,11.96,12.06,6.28,5.58,68.31
03/10/2015,12.8,12.84,4.6,4.31,57.78
04/10/2015,12.32,11.4,4.27,4.22,56.62
05/10/2015,14.1,13.44,6.07,4.99,68.59
06/10/2015,15.5,15.56,6.25,5.21,63.02
07/10/2015,14.17,13.89,7.56,6.83,63.6
08/10/2015,12.43,11.97,4.68,3.5,67.06
09/10/2015,11.77,12.34,3.26,3.2,68.03
10/10/2015,9.41,10.29,7.24,5.86,69.72
11/10/2015,6.56,7.81,8.72,6.71,84.75
12/10/2015,5.06,6.73,5.19,4.41,110.78
13/10/2015,5.86,5.18,7.89,6.71,126.05
14/10/2015,6.1,4.22,6.14,5.09,129.92
15/10/2015,7.53,5.83,6.08,3.93,128.71
16/10/2015,7.99,6.8,4.32,2.98,118.3
17/10/2015,8.02,7.56,3.14,3.12,101.98
18/10/2015,9.16,8.6,3.18,2.9,96.49
19/10/2015,9.78,8.78,4.48,3,103.1
20/10/2015,9.04,8.2,5.07,3.33,102.83
21/10/2015,10.27,9.2,9.57,7.24,102.54
22/10/2015,11.18,10.98,7.27,5.06,93.58
23/10/2015,11.04,10.98,5.81,3.61,87.55
24/10/2015,10.74,10.7,5.87,3.78,80.02
25/10/2015,9.69,9.65,3.51,2.91,77.64
26/10/2015,10.78,9.92,6.34,4.7,87.59
27/10/2015,11.6,11.29,6.88,5.73,86.19
28/10/2015,10.88,11.52,7.04,5.97,92.46
29/10/2015,10.14,10.22,5.86,4.8,89.89
30/10/2015,9.93,9.85,5.88,4.28,90.48
31/10/2015,9.39,8.79,6.2,3.75,81.75
01/11/2015,8.13,7.9,4,2.35,86.08
02/11/2015,7.24,6.6,3.94,3.56,106.61
03/11/2015,9.69,10.11,5.04,4.96,102.59
04/11/2015,9.68,11.85,6.5,5.76,95.95
05/11/2015,11.31,12.13,7.14,5.49,87.62
06/11/2015,12.69,13.35,8.86,6.93,77.63
07/11/2015,14.96,13.54,11.13,6.53,60.7
08/11/2015,14.09,13.1,9.8,6.07,63.6
09/11/2015,14.14,12.16,14.94,10.43,81.05
10/11/2015,14.96,12,15.9,9.43,80.83
11/11/2015,13.41,10.79,10.44,7.54,82.27
12/11/2015,12.23,10.72,8.94,5.45,80.07
13/11/2015,10.47,9.03,13.23,9.28,95.08
14/11/2015,10.47,8.92,15.54,11.11,97.96
15/11/2015,13.36,13.64,17.68,13.33,82.58
16/11/2015,12.8,11.19,12.25,8.99,96.92
17/11/2015,14.16,12.01,16.91,13.52,91.71
18/11/2015,13.73,11.67,17.13,12.17,94.62
19/11/2015,12.11,9.11,13.7,8.06,102.77
20/11/2015,7.52,7.55,10.82,8.01,115.06
21/11/2015,4.27,3.2,8.89,7.16,124.93
22/11/2015,2.32,1.9,6.2,5.27,139.79
23/11/2015,3.03,1.85,7.97,5.17,156.13
24/11/2015,3.86,2.61,11.26,9.9,168.14
25/11/2015,4.39,3.69,6.01,5.11,149.46
26/11/2015,4.44,2.8,5.81,3.02,145.27
27/11/2015,5,3.67,11.83,8.98,152.74
28/11/2015,6.4,4.91,15.04,10.87,132.75
29/11/2015,9.72,8.17,19.88,13.16,121.35
30/11/2015,9.9,8.58,16.6,10.79,131.76
01/12/2015,10.15,9.66,11.33,6.65,116.6
02/12/2015,10.06,9.22,10.41,7.8,110.75
03/12/2015,8.51,7.06,10.26,7.77,116.78
04/12/2015,8.3,6.95,11.34,8.34,118.72
05/12/2015,7.34,5.93,15.1,11.23,125.96
06/12/2015,8.64,8.03,12.01,9.87,111.66
07/12/2015,8.02,7.19,7.44,4.59,112.11
08/12/2015,7.62,7.48,10.33,7.05,117.71
09/12/2015,6.29,5.43,9.81,6.35,131.8
10/12/2015,5.18,3.63,12.65,9.7,151.37
11/12/2015,5.79,4.41,10.09,8.67,147.19
12/12/2015,8.38,5.98,13.24,9.65,124.07
13/12/2015,6.84,4.82,5.22,3.25,116.92
14/12/2015,6.17,4,5.78,3.56,131.59
15/12/2015,,5.98,6.55,4.16,128.42
16/12/2015,9.77,9.24,9.56,6.98,114.53
17/12/2015,9.8,10.65,8.88,7.29,98.62
18/12/2015,8.81,8.95,7.44,5.8,100.99
19/12/2015,9.78,9.45,9.57,6.26,90.43
20/12/2015,8.88,9.44,10.22,8.05,95.07
21/12/2015,8.35,8.45,13.61,11.13,115.8
22/12/2015,11.29,9.44,15.51,11.93,104.32
23/12/2015,8.88,6.8,10.48,7.69,105.88
24/12/2015,8.55,8.01,12.05,9.02,101.53
25/12/2015,8.57,8.05,11.04,8.58,97.91
26/12/2015,9.37,8.2,11.41,8.73,87.34
27/12/2015,8.11,7.36,9.46,7.01,95.5
28/12/2015,7.17,5,7.72,4.57,108.37
29/12/2015,6.25,5.68,8.06,5.68,118.89
30/12/2015,5.5,5.17,13.13,7.71,126.68
31/12/2015,4.62,5.89,10.67,7.64,123.7
01/01/2016,3.83,4.7,6.28,4.97,123.74
02/01/2016,4,5.75,12.6,6.86,134.24
03/01/2016,3.31,5.19,12.62,8.84,138.77
04/01/2016,3.07,5.77,8.64,6.63,158.17
05/01/2016,3.06,5.12,7.69,5.17,156.27
06/01/2016,2.16,4.81,6.65,3.93,160.56
07/01/2016,4.6,4.63,13.67,10.85,164.24
08/01/2016,4.24,3.68,8.12,6.65,152.94
09/01/2016,5.27,5.91,10.84,7.66,139.9
10/01/2016,4.87,5.59,10.2,8.28,132.13
11/01/2016,5.46,4.85,10.41,7.59,150.76
12/01/2016,6.39,5.2,13.41,11.67,148.04
13/01/2016,4.34,3.58,10.55,8.22,158.12
14/01/2016,3.39,2.54,11.7,11.55,170.31
15/01/2016,2.18,1.91,7.15,6.15,174.39
16/01/2016,2.28,1.67,10.59,7.7,164.75
17/01/2016,-1.66,-2.47,5.22,3.77,179.26
18/01/2016,-3.42,-4.95,4.72,3.64,217.14
19/01/2016,-1.87,-2.96,4.14,3.53,213.8
20/01/2016,0.49,-0.41,5.39,3.95,196.89
21/01/2016,-1.09,-1,6.83,3.96,202.26
22/01/2016,0.91,0.47,9.15,6.95,194.8
23/01/2016,4.39,4.03,7.83,6.04,149.01
24/01/2016,7.33,5.87,8.91,6.71,135.89
25/01/2016,9.41,8.28,10.75,6.49,122.16
26/01/2016,8.67,7.46,14.75,10.11,132.22
27/01/2016,9.38,7.94,14.86,11.78,130.17
28/01/2016,6.81,4.88,10.83,7.06,135.36
29/01/2016,8.58,7.45,18.43,14.02,139.49
30/01/2016,5.94,5.63,14.34,11.8,136.5
31/01/2016,7.68,7.11,12.46,10.16,130.92
01/02/2016,11.04,10.07,19.28,13.89,123.01
02/02/2016,8.3,6.55,15.17,9.46,134.36
03/02/2016,4.93,3.59,10.85,8.09,152.5
04/02/2016,5.63,4.59,8.83,7.22,154.03
05/02/2016,8.18,7.79,11,7.56,130.33
06/02/2016,8.77,9.12,12.7,11.03,113.97
07/02/2016,8.09,8.17,16.85,14.34,117.18
08/02/2016,8.35,7.78,20.17,17.67,135.87
09/02/2016,5.9,4.97,11.06,10.86,153.15
10/02/2016,4.62,3.77,11.14,8.42,154.76
11/02/2016,3.55,2.82,7.84,4.99,153.98
12/02/2016,2.35,2.43,6.01,5.1,155.5
13/02/2016,2.39,2.39,8.85,6.78,155.04
14/02/2016,2.82,1.88,10.87,6.88,161.05
15/02/2016,2.63,1.77,7.55,6.93,169.66
16/02/2016,0.95,0.47,4.24,3.43,172.34
17/02/2016,0.48,0.78,5.65,3.3,175.56
18/02/2016,2.01,2.2,6.97,4.78,174.33
19/02/2016,4.4,4.18,10.64,7.89,151.13
20/02/2016,8.56,7.62,15.85,13.11,130.21
21/02/2016,11.13,10.02,21.54,15.72,113.03
22/02/2016,7.23,6.1,9.13,7.1,134.09
23/02/2016,4.73,4.11,7.69,5.58,141.7
24/02/2016,2.39,1.97,4.84,3.07,153.86
25/02/2016,2.1,1.53,5.31,4.61,161.35
26/02/2016,2.24,2.66,4.5,4.05,158.74
27/02/2016,2.96,3.29,9.3,9.77,141.33
28/02/2016,3.37,3.49,8.94,10.77,142.68
29/02/2016,2.57,1.43,6.4,6.49,157.6
01/03/2016,4.34,3.45,14.5,9.9,171.76
02/03/2016,4.6,4.67,10.68,10.65,150.67
03/03/2016,3.61,3.07,7.97,5.45,148.96
04/03/2016,1.8,1.96,7.34,5.15,167.15
05/03/2016,3.41,2.77,4.57,3.43,141.72
06/03/2016,3.49,2.95,5.58,4.88,142.03
07/03/2016,2.67,1.63,3.99,2.74,153.3
08/03/2016,3.9,3.39,7.87,6.7,152.89
09/03/2016,4.23,4.48,10.24,8.66,152.59
10/03/2016,4.74,4.48,6.4,5.25,138.02
11/03/2016,3.57,4.49,6.46,6.14,141.98
12/03/2016,3.89,3.82,5.7,5.33,126.06
13/03/2016,4.03,4.36,9.42,9.34,127.62
14/03/2016,3.95,3.73,8.15,7.52,140.78
15/03/2016,4.47,3.85,8.06,6.85,148.35
16/03/2016,4.23,4.67,8.57,10.41,141.82
17/03/2016,5.53,5.56,5.86,5.74,126.89
18/03/2016,6.09,5.26,7.41,4.7,137.59
19/03/2016,6.06,6.24,6.73,5.75,122.91
20/03/2016,6.91,7.12,7.31,5.38,116.07
21/03/2016,7.24,7.08,7.56,5.85,129.03
22/03/2016,7.51,7.59,7.15,5.93,118.72
23/03/2016,7.4,7.22,7,5.87,120.51
24/03/2016,7.54,7.12,9.85,7.47,123.46
25/03/2016,6.24,5.66,8.03,6.69,123.07
27/03/2016,8.83,9.62,13.64,11.21,91.26
28/03/2016,9.12,9.42,17.4,14.98,101.22
29/03/2016,9.39,9.3,12.98,10.49,112.29
30/03/2016,9.04,9.43,7.65,7.45,103.46
31/03/2016,8.89,8.87,6.22,7.6,105.95
01/04/2016,8.57,9.62,5.33,4.77,95.5
02/04/2016,11.06,13,7.53,6.3,82.75
03/04/2016,14.62,16.62,6.87,7.81,58.02
04/04/2016,12.8,13.8,5.84,7.67,68.18
05/04/2016,11.08,11.36,7.55,6.59,78.88
06/04/2016,9.69,9.05,13.97,11.41,98.82
07/04/2016,8.64,7.23,9.5,8.2,104.86
08/04/2016,7.96,6.45,5.77,3.57,99.6
09/04/2016,9.7,9.48,8.16,5.89,81.77
10/04/2016,10.11,10.65,8.22,5.9,74.56
11/04/2016,12.56,13.54,9.06,7.73,74.6
12/04/2016,10.72,10.67,6.02,4.77,72.68
13/04/2016,10.69,9.54,5.37,4.05,79.89
14/04/2016,11.37,10.84,6.3,4.72,74.95
15/04/2016,11.3,11.32,8.83,9.83,81
16/04/2016,8.9,9.66,8.71,8.98,80.25
17/04/2016,8.17,6.92,7.21,5.72,87.53
18/04/2016,9.66,8.77,10.53,7.27,96.39
19/04/2016,9.31,8.9,7.66,5.92,87.05
20/04/2016,8.95,9.84,7.29,6.78,84.43
21/04/2016,10.95,12.88,6.99,7.4,77.12
22/04/2016,10.18,11.05,7.49,7.7,79.8
23/04/2016,6.94,6.67,9.18,7.85,85.78
24/04/2016,4.85,4.29,9.58,7.58,101.04
25/04/2016,4.94,4.53,10.75,8.06,130.47
26/04/2016,5.87,5.11,12.82,12.57,132.3
27/04/2016,4.89,4.59,9,7.88,126.35
28/04/2016,5.85,5.81,8.14,5.85,117.96
29/04/2016,7.73,8.16,9.32,7.88,113.05
30/04/2016,8.01,9.08,6.38,6.64,88.75
01/05/2016,9.38,8.48,5.14,4.89,78.75
02/05/2016,12.76,11.8,8.49,5.22,74.41
03/05/2016,9.96,8.93,8.27,6.05,72.72
04/05/2016,10.32,10.1,7.74,4.17,70.84
05/05/2016,13.55,13.53,7.01,6.29,53.6
06/05/2016,16.71,16.9,5.72,6.46,46.16
07/05/2016,18.96,19.2,6.43,6.17,36.99
08/05/2016,18.67,20.11,8.59,8.75,35.37
09/05/2016,18.96,19.26,8.7,8.78,42.81
10/05/2016,17.08,16.96,7.2,6.35,42.13
11/05/2016,18.34,18.73,6.97,7.2,41.81
12/05/2016,17,16.76,9.21,7.4,42.91
13/05/2016,14.43,14.53,10.73,7.9,42.67
14/05/2016,10.26,9.4,11.49,8.45,47.64
15/05/2016,9.02,8.63,8.7,6.78,56.56
16/05/2016,9.57,9.72,7.32,4.95,62.51
17/05/2016,12.44,12.41,7.87,5.41,60.71
18/05/2016,13.45,14.26,6.63,6.4,56.84
19/05/2016,13.95,12.49,7.68,5.29,54.77
20/05/2016,14.57,14.08,10.33,7.03,55.47
21/05/2016,18.29,18.68,7.75,6.67,38.93
22/05/2016,15.95,17.34,7.42,8.04,40.73
23/05/2016,13.05,11.17,10.69,9.28,61.05
24/05/2016,11.41,10.94,10,5.83,64.51
25/05/2016,12.59,12.48,4.54,3.3,62.8
26/05/2016,15.56,17.09,4.51,4.88,
27/05/2016,17.32,18.04,6.27,5.94,43.18
28/05/2016,19.22,18.61,5.65,4.63,34.86
29/05/2016,18.53,16.82,9.07,6.91,35.33
30/05/2016,16.37,15.03,10.37,7.71,48.44
31/05/2016,17.81,16.15,6.37,4.71,45.17
01/06/2016,17.28,16.2,8.94,6.47,46.06
02/06/2016,14.7,15.52,8.54,7.39,49.28
03/06/2016,15.88,16.02,4.25,4.99,45.05
04/06/2016,19.03,16.9,5.52,4.75,35.77
05/06/2016,18.28,18.79,5.83,4.63,32.48
06/06/2016,19.49,20.53,5.35,4.68,38.13
07/06/2016,18.87,19.8,5.65,4.73,37.82
08/06/2016,17.07,17.3,6.25,6.03,38.97
09/06/2016,16.12,15.36,6.44,4.55,40.74
10/06/2016,17.57,17.81,4.54,3.92,38.12
11/06/2016,17.04,17.11,3.41,4.26,32.19
12/06/2016,17.19,17.12,5.14,4.25,31.96
13/06/2016,16.61,15.82,8.55,6.13,42.56
14/06/2016,16.15,15.57,7.17,6.75,43.36
15/06/2016,14.49,14.61,5.07,4.1,44.52
16/06/2016,17.11,15.96,4.57,4.54,42.42
17/06/2016,15.94,15.35,6.87,3.97,41.46
18/06/2016,15.29,14.26,8.25,6.74,36.94
19/06/2016,16.51,14.87,8.49,4.82,35.46
20/06/2016,15.52,15.84,9.37,8.07,46.43
21/06/2016,17.61,17.86,5.07,4.7,44.38
22/06/2016,21.59,22.19,5.58,4.62,39.03
23/06/2016,22.86,24.06,4.97,5.2,39.02
24/06/2016,20.81,21.24,6.03,5.72,34.77
25/06/2016,18.36,16.54,7.21,5.35,32.1
26/06/2016,17.02,15.12,8.12,6.9,33.3
27/06/2016,15.62,15.4,7.42,5.17,43.02
28/06/2016,17.78,18.11,5.87,6.06,41.92
29/06/2016,18.44,18.1,8.72,8.54,41.82
30/06/2016,18.51,17.49,8.08,7.33,43.08
01/07/2016,18.02,18.02,9.24,7.53,40.92
02/07/2016,17.23,15.55,10.59,8.27,35
03/07/2016,15.9,16.18,7.11,5.54,34.69
04/07/2016,18.6,18.72,4.61,4.17,39.96
05/07/2016,17.78,17.31,9.29,7.19,43.22
06/07/2016,16.97,16.62,7.18,4.79,44.88
07/07/2016,18.3,18.97,5.74,4.13,39.63
08/07/2016,19.57,19.94,8.42,6.82,37.21
09/07/2016,20.48,20.25,7.7,5.07,31
10/07/2016,22.03,22.65,9.1,8.05,28.5
11/07/2016,21.23,19.47,12.17,9.16,37.29
12/07/2016,18.07,16.72,6.58,5.69,38.49
13/07/2016,,13.82,7.6,5.71,39.18
14/07/2016,14.85,14.01,10.43,6.12,40.95
15/07/2016,17.45,15.9,8.98,4.86,37.42
16/07/2016,18.32,17.68,8.48,5.15,30.36
17/07/2016,19.32,18.19,8.1,4.63,28.87
18/07/2016,21.28,21.69,5.05,4.4,34.41
19/07/2016,23.69,24.38,5.81,4.53,32.6
20/07/2016,23.75,24.75,6.98,5.7,31.27
21/07/2016,21.97,21.37,5.56,5.13,30.68
22/07/2016,22.03,20.89,4.55,4.58,30.01
23/07/2016,21.95,20.82,4.67,5.19,26.03
24/07/2016,21.78,21.04,5.55,4.54,25.24
25/07/2016,20.37,19.61,6.65,4.66,31.38
26/07/2016,21.15,19.59,5.47,4.04,32.3
27/07/2016,19.86,18.83,6.96,6.2,32.53
28/07/2016,19.85,19.04,7.88,5.69,32.72
29/07/2016,20.26,19.05,9.2,6.63,31.34
30/07/2016,20.31,19.63,4.67,5.54,27.27
31/07/2016,18.52,17.05,7.37,4.88,26.93
01/08/2016,17.93,16.65,7.36,4.96,32.86
02/08/2016,18.41,17.68,8.28,7.15,35.04
03/08/2016,19.64,18.84,10.95,8.48,34.37
04/08/2016,19.93,18.7,9.91,8.19,35.85
05/08/2016,17.54,15.79,7.49,5.78,33.41
06/08/2016,17.59,16.03,8.5,5.07,29.09
07/08/2016,19.97,19.21,11.21,8.4,28.24
08/08/2016,18.23,17.8,7.43,6.85,34.94
09/08/2016,15.61,14.18,7.12,,37.51
10/08/2016,12.95,12.26,7.12,4.5,39.87
11/08/2016,15.14,14,9.27,7.32,45.55
12/08/2016,17.66,17.44,8.95,6.75,37.63
13/08/2016,18.17,18.2,5.98,4.88,30.67
14/08/2016,18.6,18.81,4.34,4.54,28.82
15/08/2016,17.84,18.2,5.16,5.97,32.63
16/08/2016,17.67,18.45,6.26,6.48,36.34
17/08/2016,17.92,18.5,6.74,5.51,35.99
18/08/2016,18.58,18.41,4.63,3.95,35.98
19/08/2016,19.35,19.29,6.13,5.31,35.67
20/08/2016,19.59,19.1,10.08,8.29,29.59
21/08/2016,16.99,16.05,11.04,7.95,30.83
22/08/2016,18.32,16.78,9.57,5.82,37.76
23/08/2016,21.76,20.91,5.51,3.53,35.86
24/08/2016,23.2,23.19,5.25,,34.22
25/08/2016,23.81,24.19,4.94,3.78,33.18
26/08/2016,21.34,23.13,6.01,5.11,31.85
27/08/2016,22.66,23.8,6.94,5.11,26.8
28/08/2016,21.51,21.43,8.73,7.36,27.15
29/08/2016,18.59,17.36,5.5,3.91,38.3
30/08/2016,18.41,18.17,4.05,3.47,36.92
31/08/2016,18.81,19.68,4.81,4.52,38.79
01/09/2016,18.9,17.39,4.94,4.53,40.63
02/09/2016,18.77,17.96,7.28,5.29,37.19
03/09/2016,20.1,19.39,6.78,5.71,31.17
04/09/2016,19.45,18.52,11.88,8.46,31.22
05/09/2016,17.6,17.17,6.97,4.34,38.19
06/09/2016,17.65,17.41,5.21,3.24,39.31
07/09/2016,19.8,19.26,3.73,4.3,38.56
08/09/2016,20.24,19.98,6.7,5.49,37.65
09/09/2016,19.23,17.94,4.65,3.56,37.51
10/09/2016,20.88,19.19,5.96,4.74,31.68
11/09/2016,20.54,18,3.85,2.85,30.58
12/09/2016,22.67,20.77,4.47,3.45,39.21
13/09/2016,23.69,22.51,4.69,4.44,38.86
14/09/2016,22.72,22.15,4.75,4.84,41.84
15/09/2016,21.36,20.09,6.82,7.43,38.89
16/09/2016,19.07,16.95,6.62,5.96,37.9
17/09/2016,17.57,15.92,7.36,4.08,34.17
18/09/2016,17.17,15.91,4.98,5.03,32.66
19/09/2016,15.99,14.35,4.59,3.51,42.65
20/09/2016,15.2,14.19,4.27,2.71,44.06
21/09/2016,15.19,14.22,4.82,3.46,45.65
22/09/2016,14.82,14.62,4.65,3.29,46.85
23/09/2016,14.79,14.41,5.33,3.87,44.22
24/09/2016,16.38,16.01,6.52,4.97,38.1
25/09/2016,15.62,15.49,6.79,5.25,37.32
26/09/2016,13.86,13.06,2.92,3.08,50.22
27/09/2016,15.69,15.2,5.97,4.98,50.86
28/09/2016,18.41,16.75,10.71,6.94,53.73
29/09/2016,17.07,15.21,8.91,7.41,55.76
30/09/2016,15.61,14.67,6.23,5.34,48.77
01/10/2016,14.25,13.94,6.72,6.58,44.93
02/10/2016,13.18,12.35,8.98,7.48,53.36
03/10/2016,13.38,12.8,7.55,5.09,59.09
04/10/2016,11.45,11.64,9.86,6.66,68.07
05/10/2016,8.97,8.38,10.79,8.48,82.09
06/10/2016,9.73,9.57,8.55,7.01,87.31
07/10/2016,10.12,10.45,6.07,5.31,79.23
08/10/2016,9.66,9.45,4.78,4.3,70.2
09/10/2016,9,8.75,3.22,3.33,75.77
10/10/2016,8.7,7.11,3.62,3.34,95.62
11/10/2016,8.87,8.12,5.8,4.03,100.04
12/10/2016,8.41,7.63,9.28,7.22,104.42
13/10/2016,8.96,8.92,10.2,10.08,103.47
14/10/2016,10.34,11.16,8.52,6.77,95.24
15/10/2016,11.62,11.79,7.56,6.5,78.43
16/10/2016,13.71,13.13,6.65,4.45,63.68
17/10/2016,11.49,11.28,6.26,4.38,75.81
18/10/2016,9.71,10.47,9.04,7.19,95.22
19/10/2016,9.76,8.77,8.12,6.9,99.89
20/10/2016,8.51,8.47,5.13,5.51,103.02
21/10/2016,8.01,7.72,4.06,4.01,103.87
22/10/2016,6.51,5.2,3.27,3.08,97.67
23/10/2016,6.36,5.67,4.04,5.23,106.5
24/10/2016,8.81,9.4,4.94,5.3,114.15
25/10/2016,9.89,9.64,3.54,2.06,107.13
26/10/2016,10.28,9.81,5.8,3.53,98.82
27/10/2016,11.16,11.23,7.89,6.52,95.59
28/10/2016,11.84,11.23,6.69,5.5,91.88
29/10/2016,10.34,9.99,4.75,2.45,82.32
30/10/2016,9.34,9.08,3.83,2.41,81.56
31/10/2016,9.43,8.11,2.9,1.93,87.2
01/11/2016,9.69,8.37,4.64,3.67,95.51
02/11/2016,7.49,7.4,7.47,5.72,114.14
03/11/2016,6.75,6.42,6.7,4.46,116.75
04/11/2016,6.52,6.61,7.83,6.56,119.01
05/11/2016,7.01,7.21,8.01,7.79,108.73
06/11/2016,6.05,5.14,7.85,7.68,116.03
07/11/2016,3.96,4.15,5.66,4.33,144.82
08/11/2016,2.16,2.69,4.65,4.72,157.37
09/11/2016,3.62,3.6,5.75,4.8,157.67
10/11/2016,5.02,5.61,7.63,6.39,147.22
11/11/2016,2.32,1.68,5.25,4.68,150.79
12/11/2016,2.84,2.85,8.44,4.86,150.26
13/11/2016,3,2.99,4.92,3.4,146.83
14/11/2016,4.14,3.75,7.92,6.11,160.41
15/11/2016,8.16,8.57,6.94,5.89,130.71
16/11/2016,8.65,9.92,9.4,7.92,115.65
17/11/2016,7.93,8.73,12.39,9.61,119.6
18/11/2016,5.26,6.39,10.74,10.07,136.14
19/11/2016,6.25,6.05,11.46,9.13,125.76
20/11/2016,9.42,10.14,14.67,12.91,116.15
21/11/2016,12.08,13.5,11.94,12.04,108.37
22/11/2016,10.05,10.66,8.8,7.33,105.61
23/11/2016,8.66,9.32,6.57,7.02,114.24
24/11/2016,6.4,6.97,11.17,11.12,126.72
25/11/2016,4.53,4.13,8.17,7.18,141.52
26/11/2016,4.5,2.74,3.04,2.82,139.39
27/11/2016,5.53,5.27,5.91,4.87,129.37
28/11/2016,0.45,0.28,6.57,6.31,171.54
29/11/2016,-1.24,-2.76,3.7,2.79,191.44
30/11/2016,3.56,0.71,8.36,5.75,178.78
01/12/2016,6.8,4.07,11.78,6.01,153.44
02/12/2016,4.71,3.57,6.15,3.58,143.46
03/12/2016,0.73,-0.5,2.65,2.87,153.6
04/12/2016,-0.88,-0.67,4.63,4.7,172.75
05/12/2016,-0.77,-1.37,2.62,1.84,191.73
06/12/2016,2.05,0.53,5.14,3.1,182.45
07/12/2016,5.03,4.62,7.87,5.99,163.94
08/12/2016,5.69,5.46,8.86,7.19,148.76
09/12/2016,8.37,6,10,5.97,131.08
10/12/2016,8.71,5.6,10.4,7.63,125.68
11/12/2016,7.58,5.55,10.58,6.28,122.43
12/12/2016,5.36,5.05,7.02,4.48,141.08
13/12/2016,4.83,4.86,4.97,4.46,145.31
14/12/2016,5.61,4.09,4.56,3.4,138.46
15/12/2016,5.03,3.2,6.66,4.63,148.46
16/12/2016,3.99,2.94,4.74,3.59,149.22
17/12/2016,4.24,3.26,4.38,3.27,131.61
18/12/2016,4.71,4.88,3.87,3.58,130.83
19/12/2016,2.93,3.92,5.83,5.55,154.11
20/12/2016,-0.4,0.79,6.34,5.44,180.77
21/12/2016,2.74,3.76,10.88,7.52,178.88
22/12/2016,2.97,3.64,6.61,5.34,163.18
23/12/2016,4.75,4.47,11.3,9.15,153.77
24/12/2016,7.5,6.02,15.03,9.83,127.47
25/12/2016,9.89,8.26,17.41,11.03,107.97
26/12/2016,7.52,5.69,14.67,8.71,121.56
27/12/2016,4.81,3.86,8.47,4.9,142.28
28/12/2016,1.19,0.31,5.2,2.88,161.27
29/12/2016,-1.84,-3.21,4.48,2.15,180.9
30/12/2016,0.14,-2.13,5.35,3.46,183.46
31/12/2016,0.75,-1.65,7.72,5.48,177.34
01/01/2017,-0.43,-1.37,7.4,6.44,177.73
02/01/2017,1.8,1.06,7.18,4.34,178.68
03/01/2017,4.06,2.08,15.13,8.91,179.02
04/01/2017,4.14,3.79,13.67,10.05,171.89
05/01/2017,-1.05,-1.9,6.6,4.63,193.48
06/01/2017,-2.94,-4.31,8.71,4.89,212.38
07/01/2017,-1.04,-2.52,6.63,5.49,201.85
08/01/2017,1.61,1.45,3.62,2.55,168.5
09/01/2017,2.73,2.26,9.39,7.76,179.06
10/01/2017,1.49,1.45,7.52,5.21,174.44
11/01/2017,3.27,3.92,14.4,10.24,171.54
12/01/2017,4.2,3.36,11.36,9.62,175.11
13/01/2017,3.17,1.87,14.37,10.38,186.07
14/01/2017,1.55,0.13,9.25,5.95,178.49
15/01/2017,0.83,-0.92,4.97,2.88,180.88
16/01/2017,-1.23,-2.39,4.45,3.83,209.36
17/01/2017,-3.07,-3.51,4.94,4.45,225.32
18/01/2017,-3.5,-4.31,3.63,4.14,231.57
19/01/2017,-2.73,-4.03,2.53,3.64,220.44
20/01/2017,-1.42,-2.64,4.32,4.26,212.5
21/01/2017,-1.91,-3.22,4.25,3.11,200.29
22/01/2017,-1.74,-2.25,3.37,3.21,202.93
23/01/2017,-0.52,-0.91,4.24,3.57,212.72
24/01/2017,-0.61,-1.76,4.45,3.38,207.97
25/01/2017,-1.65,-3.76,5.5,4.09,222.38
26/01/2017,-2.2,-3.79,6.74,4.63,223.92
27/01/2017,1.14,1.64,9.21,6.52,201.09
28/01/2017,2.8,4.11,8.75,6.42,163
29/01/2017,1.8,2.64,9.24,7.12,164.37
30/01/2017,1.41,3.49,7.78,7.06,179.34
31/01/2017,1,2.68,6.11,4.62,184.73
01/02/2017,3.41,4.25,7.81,6.07,178.21
02/02/2017,6.57,8.14,8.51,7.54,144.29
03/02/2017,5.83,7.04,7.16,7.49,137.62
04/02/2017,4.55,4.6,5.24,5.55,140.61
05/02/2017,4.63,4.19,4.45,5.69,138.41
06/02/2017,4.27,4.3,4.86,3.01,159.08
07/02/2017,2.27,3.91,8.09,4.76,176.81
08/02/2017,-0.16,1.8,9.36,6.66,194.01
09/02/2017,-1.21,-0.28,8.27,6.6,208.93
10/02/2017,-1.23,-0.35,7.86,6.6,215.17
11/02/2017,0.01,0.89,9.1,6.03,191.65
12/02/2017,1.15,2.96,9.49,7.81,181.65
13/02/2017,2,2.88,9.52,9.08,184.94
14/02/2017,3.8,4.62,5.84,4.4,164.09
15/02/2017,6.44,7.21,6.4,4.58,140.23
16/02/2017,5.22,5.73,7.97,5.14,145.69
17/02/2017,5.48,5.56,7.27,4.57,144.57
18/02/2017,4.59,4.69,6.17,3.52,128.91
19/02/2017,5.92,5.49,8.2,6.18,135.31
20/02/2017,8.56,8.58,12.97,8.39,141.38
21/02/2017,9.35,9.31,13.08,8.59,125.97
22/02/2017,9.55,9.77,15.57,12.54,130.38
23/02/2017,8.56,8.7,21.64,17.93,139.14
24/02/2017,4.68,4.05,8.92,6.37,143.4
25/02/2017,6.19,5.88,12.59,9.4,137.08
26/02/2017,8.27,8.22,12.42,9.01,120.07
27/02/2017,7.35,8.69,15.02,14.06,133.99
28/02/2017,5.38,4.76,12.65,10.47,154.16
01/03/2017,6.72,6.74,10.77,9.88,141.8
02/03/2017,6.36,5.85,13.84,11.68,150.13
03/03/2017,7.96,8.29,8.64,7.16,136.43
04/03/2017,9.55,9.56,9.24,8.62,110.32
05/03/2017,6.86,5.85,11.36,9.32,118.4
06/03/2017,6.52,5.93,6.81,6.95,134.61
07/03/2017,6.33,5.29,7.79,6.1,135.48
08/03/2017,6.67,7.23,9.45,7.17,144.78
09/03/2017,8.18,7.89,9.88,6.72,123.59
10/03/2017,6.71,6.19,6.3,4.08,119.2
11/03/2017,7.74,7.68,5.27,3.75,105.89
12/03/2017,7.83,7.66,4.93,4.15,97.87
13/03/2017,6.68,7.09,6,4.84,113.97
14/03/2017,8.93,9.06,8.06,5.88,110.12
15/03/2017,9.33,8.5,5.33,3.3,104.56
16/03/2017,10.82,10.1,7.23,4.64,92.83
17/03/2017,9.27,9.75,14.6,10.33,106.28
18/03/2017,9.65,10.9,12.56,9.39,101.43
19/03/2017,10.78,11.21,15.39,11.88,93.76
20/03/2017,10.49,10.43,14.48,11.14,112.31
21/03/2017,8.06,7.39,10,7.4,112.45
22/03/2017,7.34,7.52,7.75,5.78,112.82
23/03/2017,8.56,10.1,9.11,9.31,102.5
24/03/2017,8.4,9.59,9.91,8.96,100.62
26/03/2017,7.77,7.94,7.23,6.21,88
27/03/2017,9.94,9.61,4.05,4.1,87.63
28/03/2017,13.26,12.7,8.34,6.01,77.23
29/03/2017,13.82,13.16,11.15,7.31,81.4
30/03/2017,15.52,14.97,7.34,5.44,64.04
31/03/2017,14.26,14.63,8.76,7.22,61
01/04/2017,11.49,11.37,6.26,4.94,64.27
02/04/2017,11.74,11.22,5.13,4.42,61.16
03/04/2017,10.01,9.26,3.84,2.53,78.1
04/04/2017,10.92,10.47,6.19,4.51,74.36
05/04/2017,9.17,8.64,9.59,6.25,88.01
06/04/2017,8.12,7.3,7.46,5.03,100.96
07/04/2017,9.67,9.64,8,4.27,88.7
08/04/2017,10.28,9.94,4.36,2.58,71.98
09/04/2017,13.55,14.18,5.86,4.23,58.99
10/04/2017,10.46,10.8,8.04,6.88,81.45
11/04/2017,10.1,9.78,9.44,6.3,83.68
12/04/2017,10.55,10.5,10.77,8.88,94.52
13/04/2017,8.89,9.02,8.19,6.47,88.14
14/04/2017,10.22,9.93,8.78,6.25,91.86
15/04/2017,9.39,9.57,10.89,8.05,81.5
16/04/2017,8.11,7.89,8.27,7.43,84.22
17/04/2017,6.61,6.48,9.16,7.96,93.99
18/04/2017,5.67,4.79,7.85,6.81,114.21
19/04/2017,3.82,3.13,7.04,5.53,123.56
20/04/2017,6.87,5.71,7.66,3.42,108.11
21/04/2017,10.14,9.33,9.73,6.45,97.89
22/04/2017,7.68,8.12,9.53,6.87,90.82
23/04/2017,7.34,6.46,7.24,4.72,91.3
24/04/2017,9.55,10.38,9.56,8.74,98.74
25/04/2017,7.08,6.93,9.04,8.9,100.48
26/04/2017,6.51,6.33,5.85,5.54,103.16
27/04/2017,6.88,5.73,6.86,4.95,100.67
28/04/2017,6.72,5.64,7.08,5.29,100.85
29/04/2017,8.73,8.22,5.39,4.57,82.82
30/04/2017,13.48,14.15,11.69,10.41,64.01
01/05/2017,11.23,9.83,6.83,5.61,74.18
02/05/2017,10.78,10.23,6.44,5.2,84.49
03/05/2017,10.79,11.08,6.25,6.11,81.66
04/05/2017,10.71,10.6,9.99,8.6,79.5
05/05/2017,9.89,9.23,8,6.07,87.42
06/05/2017,13.99,14.1,7.67,8.32,57.42
07/05/2017,11.45,11.25,9.49,7.4,62
08/05/2017,9.77,9.24,8.28,6.57,81.72
09/05/2017,7.99,8.72,5.48,4.91,80.2
10/05/2017,10.12,12.45,4.49,4.55,73.5
11/05/2017,16.08,15.94,6.29,7.2,56.76
12/05/2017,16.18,15.68,5.98,6.31,48.97
13/05/2017,14.53,14.95,7.44,6.13,43.88
14/05/2017,14.95,14.23,7.73,6.06,42.64
15/05/2017,16.73,16.52,6.95,4.94,47.37
16/05/2017,19.85,19.92,5.68,4.91,42.74
17/05/2017,20.56,22.34,6.28,6.79,39.67
18/05/2017,17.43,18.55,8.69,7.04,41.67
19/05/2017,14.12,13.2,11.01,7.41,45.75
20/05/2017,13.05,12.61,8.19,5.14,41.57
21/05/2017,15.01,15.01,6.92,3.96,39.22
22/05/2017,18.49,18.42,4.73,4.11,43.9
23/05/2017,16.98,17.5,6.62,6.05,42.67
24/05/2017,15.97,16.88,7.22,6.21,39.94
25/05/2017,16.73,17.91,6.29,5.29,33.14
26/05/2017,20.2,20.64,7.7,6.57,33.06
27/05/2017,21.02,22.46,7.32,5.96,29.27
28/05/2017,19.73,21.71,5.58,4.13,29.24
29/05/2017,21.81,22.96,5.79,6.08,37.33
30/05/2017,19.99,18.81,8.72,6.85,40.97
31/05/2017,18.5,18.17,5.83,4.79,40.37
01/06/2017,19.33,19.15,3.36,4.25,41.57
02/06/2017,21.38,20.42,3.94,4.16,35.71
03/06/2017,19.07,20.09,5.64,6.13,29.44
04/06/2017,16.5,15.63,8.71,6.25,28.82
05/06/2017,18.52,18.02,8.1,7.54,30.99
06/06/2017,15.78,14.19,17.17,13.39,43.2
07/06/2017,14.8,14.28,14.37,10.97,52.66
08/06/2017,17.69,18.17,8.61,7.16,44.63
09/06/2017,17.39,16.75,9.31,7.36,41.18
10/06/2017,18.69,19.39,7.21,5.68,32.3
11/06/2017,20.41,21.56,8.35,6.92,30.77
12/06/2017,18.96,18.42,11.25,7.28,42.79
13/06/2017,18.06,18.29,6.02,4.92,42.77
14/06/2017,19.43,20.23,4.96,4.53,41.97
15/06/2017,21.1,22.03,9.14,7.54,36.92
16/06/2017,17.64,17.34,10.2,6.79,38.45
17/06/2017,18.01,19.2,7,5.72,30.2
18/06/2017,21.2,21.18,5.04,4.32,28.35
19/06/2017,23.43,24.24,3.78,4.2,38.93
20/06/2017,23.82,24.48,6.98,6.49,38.92
21/06/2017,23.84,24.38,5.45,4.88,38.93
22/06/2017,24.31,25.14,8.92,7.55,39.47
23/06/2017,21.06,22.14,10.25,9.68,36.24
24/06/2017,21.37,19.89,11.8,8.98,33.75
25/06/2017,18.91,18.3,10.5,7.84,32.07
26/06/2017,19.03,19.86,6.39,6.78,38.96
27/06/2017,20.28,19.39,7.48,6.73,40.42
28/06/2017,20.39,18.64,8.13,6.4,39.67
29/06/2017,18.33,16.76,7.62,5.48,38.73
30/06/2017,18.45,17.09,7.76,6.99,38.21
01/07/2017,17.22,15.69,9.37,5.72,33.43
02/07/2017,16.08,15.02,9.13,5.46,32.83
03/07/2017,18.44,17.78,9.37,6.24,40.91
04/07/2017,19.08,19.01,4.33,3.8,39.43
05/07/2017,21.28,20.97,5.18,4.17,36.96
06/07/2017,22.13,22.52,5.04,5.24,37.88
07/07/2017,22.3,22.43,6.46,5.76,36.89
08/07/2017,20.43,20.33,6.26,5.75,28.72
09/07/2017,20.56,19.69,4.33,4.1,28.83
10/07/2017,20.53,19.44,7.04,5.16,37.32
11/07/2017,19.82,18.48,8.24,5.93,38.25
12/07/2017,18.01,16.71,7.41,6.22,43.12
13/07/2017,16.72,16.7,4.39,2.76,37.36
14/07/2017,16.64,15.86,8.92,6.18,36.79
15/07/2017,17.55,17.13,8.66,4.95,29.57
16/07/2017,18.52,18.67,5.83,5.04,29.93
17/07/2017,19.69,19.63,3.94,5.53,37.19
18/07/2017,22.55,22.07,7.55,7.39,37.37
19/07/2017,23,22.87,6.46,6.16,36.85
20/07/2017,21.25,18.77,8.54,6.49,39.79
21/07/2017,21.26,19.69,6.11,5.15,35.47
22/07/2017,21.42,20.07,5.99,6.03,29.51
23/07/2017,18.62,17.08,8.61,5.85,30.72
24/07/2017,16.66,15.29,6.61,4.43,38.64
25/07/2017,16.99,16.52,9.82,8.44,35.74
26/07/2017,18.2,17.04,9.62,6.06,36.37
27/07/2017,17.81,16.99,10.12,6.63,34.64
28/07/2017,18.85,17.58,13.21,7.95,33.55
29/07/2017,20.83,20.96,7.09,6.77,32.17
30/07/2017,20.84,19.71,8.99,7.39,27.35
31/07/2017,21.75,19.65,5.76,5.43,35.89
01/08/2017,22.25,21.18,6.67,5.11,33.44
02/08/2017,21.88,20.12,7,4.87,37.07
03/08/2017,23.71,21.4,11.53,8.42,40.59
04/08/2017,22.86,20.83,8.99,7.15,38.73
05/08/2017,19.1,17.97,6.42,5.37,30.6
06/08/2017,17.07,15.82,6.57,3.86,29.41
07/08/2017,18.75,18.22,5.35,4.06,37.24
08/08/2017,17.64,16.97,7.51,6.29,37.32
09/08/2017,19.84,17.85,6.75,5.7,38.57
10/08/2017,18.28,15.76,4.84,3.61,38.83
11/08/2017,17.26,15.82,7.7,5.47,36.51
12/08/2017,17.08,15.97,8.77,5.87,32.48
13/08/2017,17.77,17.11,5.32,3.56,30.17
14/08/2017,19.94,19.69,4.45,3.68,34.88
15/08/2017,19.32,19.17,4.46,4.44,34.28
16/08/2017,19.97,18.54,6.52,3.28,37.99
17/08/2017,19.79,19.5,7.29,6.25,40.74
18/08/2017,20,18.81,9.56,7.65,39.41
19/08/2017,16.31,15.11,9.92,7.08,33.37
20/08/2017,16.69,14.91,8.91,4.9,33.07
21/08/2017,17.05,16.44,5.31,3.19,40.15
22/08/2017,18.46,18.45,5.38,4.42,41.14
23/08/2017,19.12,19.82,6.67,5.17,40.76
24/08/2017,19.16,18.44,6.1,5.28,40.38
25/08/2017,20.67,19.88,3.17,3.6,39.5
26/08/2017,21.49,20.02,3.5,3.39,31
27/08/2017,20.89,19.27,3.86,3.34,30.23
28/08/2017,20.26,19.52,3.51,2.68,39.35
29/08/2017,21.34,22.21,4.71,3.55,38.38
30/08/2017,18.57,19.58,6.69,6.43,38.96
31/08/2017,17.41,16.12,6.16,4.68,41.11
01/09/2017,15.3,14.51,4.95,2.87,41.86
02/09/2017,14.64,12.93,5.03,4.32,37.02
03/09/2017,14.56,13.19,6.75,3.42,37.53
04/09/2017,17.02,15.48,7.09,4.63,44.5
05/09/2017,18.8,17.98,9.19,5.66,44.49
06/09/2017,16.88,15.55,10.11,6.27,50.29
07/09/2017,15.91,15.39,9.18,7.02,49.66
08/09/2017,15.77,15.1,9.4,8.46,52.56
09/09/2017,15.07,13.62,7.16,6.2,42.98
10/09/2017,15.35,13.53,11.35,9.4,43.07
11/09/2017,14.38,13.99,12.59,10.3,57.84
12/09/2017,14.5,12.99,13.08,8.83,57.81
13/09/2017,15.67,14.59,14.25,12.46,62.54
14/09/2017,13.25,11.18,11.78,9.69,70.65
15/09/2017,12.99,10.9,7.66,4.97,64.68
16/09/2017,11.55,9.65,6.01,3.91,61.69
17/09/2017,11.75,11.01,5.06,3.38,58.7
18/09/2017,12.62,11.29,5.99,5.83,72.42
19/09/2017,12.29,11.07,5.96,3.65,71.17
20/09/2017,13.13,11.55,8.6,4.52,66.23
21/09/2017,13.7,11.83,8.44,3.58,62.16
22/09/2017,12.48,11.89,4.41,3.22,63.77
23/09/2017,12.65,12,3.73,2.62,55.89
24/09/2017,13.74,13.18,4.76,3.78,53.46
25/09/2017,14.21,13.55,4.77,4,61.16
26/09/2017,13.74,12.93,4.21,3.44,60.29
27/09/2017,15.23,14.81,5.1,3.39,59.52
28/09/2017,15.6,15.2,5.97,3.61,56.01
29/09/2017,16.19,16.76,6.36,4.18,50.74
30/09/2017,12.88,13.37,6.44,4.43,51.81
01/10/2017,14,14.09,10.89,8.37,54.53
02/10/2017,14.5,14.79,11.13,8.28,63.82
03/10/2017,12.69,12.64,9.66,6.95,69.88
04/10/2017,13.69,12.38,12.58,9.1,75.79
05/10/2017,13.64,12.98,14.28,10.33,77.21
06/10/2017,11.15,10.25,11.08,7.07,79.03
07/10/2017,12.05,11.08,11.45,9.02,77.18
08/10/2017,11.84,11.56,6.81,3.57,70.14
09/10/2017,12.55,12.55,6.2,4.71,82.63
10/10/2017,14.28,13.2,11.15,7.38,76.02
11/10/2017,14.69,13.45,12.03,9.15,75.28
12/10/2017,14.3,12.29,10.31,5.37,72.56
13/10/2017,15.52,14.31,9.47,5.43,64.46
14/10/2017,14.82,13.72,6.27,3.54,52.66
15/10/2017,15.82,15.37,5.96,4.57,49.81
16/10/2017,16.55,16.12,6.22,4.51,56.55
17/10/2017,12.99,13.08,4.34,3.61,66.44
18/10/2017,13.96,13.2,3.39,3.16,65.99
19/10/2017,14.27,14.52,6.35,5.28,64.9
20/10/2017,11.92,12.69,9.64,8.24,72.51
21/10/2017,12.46,12.87,11.28,8.72,67.58
22/10/2017,11.15,9.54,12.32,8.96,79.85
23/10/2017,11.88,10.6,10.74,7.01,87.06
24/10/2017,14.12,12.93,10.69,6.85,79
25/10/2017,13.36,11.8,7.33,5.53,77.1
26/10/2017,13.9,12.02,6.99,4.31,72.4
27/10/2017,11.06,9.64,10.68,5.92,82.72
28/10/2017,12.02,10.7,17.02,10.24,86.11
29/10/2017,9.16,9.06,12.45,9.29,86.39
30/10/2017,7.85,7.41,6.73,4.01,106.08
31/10/2017,9.61,7.89,8.63,7.07,107.85
01/11/2017,9.96,8.47,7.81,4.69,93.37
02/11/2017,9.94,9.14,5.65,4.2,100.59
03/11/2017,9.36,8.33,5.1,3.65,99.71
04/11/2017,10.35,10.06,8.01,7.22,87.37
05/11/2017,7.62,6.44,6.83,5.72,99.29
06/11/2017,5.69,3.75,3.69,2.74,127.53
07/11/2017,5.34,3.93,3.08,2.28,137.18
08/11/2017,6.64,5.82,3.28,2.91,139.36
09/11/2017,8.55,7.61,7.64,7.1,123.65
10/11/2017,8.82,7.34,12.59,8.23,123.32
11/11/2017,7.2,6.14,6.88,4.57,115.44
12/11/2017,6.03,5.36,8.36,6.5,124.09
13/11/2017,5.89,4.23,7.89,5.03,137.61
14/11/2017,7.08,5.58,8.66,6.73,137.81
15/11/2017,7.28,5.76,5.39,4.03,131.05
16/11/2017,6.89,6.32,5.94,4.7,130.57
17/11/2017,5.81,4.05,6.4,2.95,131.69
18/11/2017,6.57,5.46,10.87,7.49,127
19/11/2017,5.98,4.58,10.35,6.24,125.74
20/11/2017,7.71,6.49,11.74,7.73,141.58
21/11/2017,10.21,8.77,12.91,9.37,120.5
22/11/2017,10.64,8.45,13.06,8.93,117.09
23/11/2017,8.48,8.62,10.23,8.75,120.18
24/11/2017,5.53,5.6,4.67,3.76,125.38
25/11/2017,4.98,3.63,8.65,6.76,133.81
26/11/2017,5.17,3.6,11.1,8.8,140.43
27/11/2017,5.94,4.92,12.76,9.78,158.81
28/11/2017,4.34,,7.67,5.99,159.22
29/11/2017,2.7,2.13,4.42,3.36,168.35
30/11/2017,1.21,1.08,5.22,4.62,178.1
01/12/2017,0.04,-0.53,3.15,3.8,182.6
02/12/2017,-0.08,-1.29,6.04,4.6,181.4
03/12/2017,3.75,1.25,7.8,5.69,163.91
04/12/2017,5.48,3.87,9.26,5.09,160.53
05/12/2017,6.72,4.73,10.89,6.56,156.26
06/12/2017,6.49,4.56,11.67,8.18,151.12
07/12/2017,4.56,3.34,13.89,10.98,169.3
08/12/2017,2.43,1.85,13.33,8.86,178.43
09/12/2017,2.18,0.6,11.69,9.95,171.62
10/12/2017,1.24,1.15,9.98,11.01,178.09
11/12/2017,2.38,2,11.32,10.77,195.59
12/12/2017,2.63,1.41,10.07,7.47,174.39
13/12/2017,3.99,3.5,12.11,11.89,184.83
14/12/2017,3.43,2.73,10.68,10.1,180.59
15/12/2017,2.95,2.82,5.11,4.63,172.12
16/12/2017,2.64,2.06,6.6,6.02,161.17
17/12/2017,3.27,1.86,8.99,6.9,152.87
18/12/2017,3.81,3.28,6.15,5.36,169.4
19/12/2017,4.2,3.14,6.41,4.91,166.65
20/12/2017,6.28,4.47,5.38,3.82,151.48
21/12/2017,7.26,6.32,7.49,4.35,136.49
22/12/2017,8.07,6.96,6.72,4.54,126.25
23/12/2017,8.56,7.23,14.48,9.09,115.79
24/12/2017,8.24,6.64,15.65,9.71,112.81
25/12/2017,5.81,4.32,13.59,10.07,125.67
26/12/2017,4.81,4.73,12.49,11.26,138.08
27/12/2017,5.15,4.61,10.37,8.54,147.44
28/12/2017,3.43,2.2,12.44,8.54,159.65
29/12/2017,2.94,2.24,12.97,9.92,171.24
30/12/2017,8.06,8.19,13.34,11.46,128.79
31/12/2017,9.75,8.44,16.82,13.46,109.47
01/01/2018,5.99,5.03,10.37,8.6,125.15
02/01/2018,6.98,6.03,13.47,10.26,141.75
03/01/2018,7.67,6.86,20.92,15.77,146.65
04/01/2018,7.98,6.75,13.65,11.16,139.01
05/01/2018,6.44,5.82,8.71,7.18,141.22
06/01/2018,4.9,3.71,6.51,7.03,140.26
07/01/2018,2.38,2.14,12.41,12.59,163.35
08/01/2018,2.26,4.58,9.29,9.54,184.89
09/01/2018,4.42,4.62,7,5.44,168.62
10/01/2018,5.86,5.58,5.87,5.78,149.93
11/01/2018,5.8,5.4,3.73,2.93,148.6
12/01/2018,4.69,4.53,4.48,3.34,149.98
13/01/2018,3.02,3.46,6.21,5.45,149.7
14/01/2018,2.09,1.63,8,5.78,158.96
15/01/2018,4.12,4.37,15.42,12.02,177.68
16/01/2018,4.35,3.76,14.9,10.62,173.67
17/01/2018,4.32,3.49,16.98,11.72,183.18
18/01/2018,5.13,4.21,14.67,12.2,173.49
19/01/2018,3.51,2.67,9.76,7.53,169.78
20/01/2018,2.16,1.84,6.1,5.03,168.45
21/01/2018,2.83,2.29,7.79,5.83,162.76
22/01/2018,5.34,5.73,8.12,6.2,159.55
23/01/2018,7.83,7.35,12.36,9.4,147.32
24/01/2018,8.36,8.13,12.86,11.34,132.13
25/01/2018,5.55,5.68,7.73,6.07,142.97
26/01/2018,4.16,4.13,4.28,4.64,149.42
27/01/2018,5.3,4.42,11.86,9.22,143.78
28/01/2018,9.57,7.47,15.42,10,124.95
29/01/2018,8.56,6.09,15.33,9.15,142.89
30/01/2018,5.64,4,8.52,5.42,149.97
31/01/2018,5.56,4.87,12.46,10.76,163.5
01/02/2018,4.16,2.7,10.57,9.08,173.26
02/02/2018,3.45,2.67,7.21,5.87,166.49
03/02/2018,2.54,1.37,7.41,5.58,165.67
04/02/2018,1.49,0.27,9.2,6.58,175.2
05/02/2018,0.13,-0.74,7.6,7.67,197.15
06/02/2018,-1.46,-1.66,7.47,6.67,209.78
07/02/2018,-0.62,-2.18,4.08,4.38,207.46
08/02/2018,0.76,-0.41,7.76,4.84,198.28
09/02/2018,0.5,0.48,8.55,7.25,195.12
10/02/2018,2.54,2.79,10.43,8.65,155.2
11/02/2018,3.92,2.96,12.68,9.6,164.78
12/02/2018,2.36,1.37,9.61,7.03,184.27
13/02/2018,1.46,-0.22,10.05,7.12,184.18
14/02/2018,2.18,0.33,12.69,8.53,184.28
15/02/2018,4.11,2.19,9.19,6.42,180.89
16/02/2018,2.87,2.08,5.6,3.63,164.16
17/02/2018,1.55,1.34,4.63,4.02,162.39
18/02/2018,1.71,0.98,5.87,3.79,161.42
19/02/2018,1.18,1.41,5.08,3.98,186.87
20/02/2018,0.79,0.79,4.53,5,185.45
21/02/2018,0.03,0.13,6.76,6.92,188.48
22/02/2018,0.12,0.21,8.75,9.33,193.26
23/02/2018,-0.72,-0.48,10.25,10.02,199.87
24/02/2018,-1.16,-0.46,12.65,11.95,197.21
25/02/2018,-3.71,-3.02,11.32,10.8,206.49
26/02/2018,-4.33,-5.2,10.26,9.58,237.24
27/02/2018,-5.3,-5.39,8.35,7.41,238.64
28/02/2018,-7.3,-6.07,13.27,11.75,270.69
01/03/2018,-4.53,-2.7,17.98,13.95,270.61
02/03/2018,-3.45,-2.6,12.6,9.66,253.33
03/03/2018,-1.25,0.47,7.34,5.98,205.08
04/03/2018,4.19,5.94,8.75,7.74,156.9
05/03/2018,4.46,6.8,8.21,5.3,147.47
06/03/2018,4.46,5.37,4.93,3.96,146.99
07/03/2018,5.75,4.75,7.44,6.02,150.03
08/03/2018,5.36,4.8,12.76,9.14,161.52
09/03/2018,7.32,7.41,6.31,6.47,138.17
10/03/2018,10.86,9.85,7.18,7.17,102.51
11/03/2018,10.34,10.61,7.29,7.38,96.15
12/03/2018,10.12,9.5,9.14,8.8,109.77
13/03/2018,6.04,5.61,8.91,7.03,143.19
14/03/2018,6.71,7,8.54,6.83,128.99
15/03/2018,7.14,7.45,9.94,8.15,138.48
16/03/2018,4.42,4.88,11.97,7.92,155.37
17/03/2018,-1.49,-0.78,17.46,14.49,198.81
18/03/2018,-1.31,-0.57,13.82,11.68,197.1
19/03/2018,-0.79,-0.71,10.01,8.34,194.23
20/03/2018,2.18,2.3,9.65,8.22,167.84
21/03/2018,3.17,2.51,7.76,5.22,161.85
22/03/2018,5.41,4.97,8.59,6.75,157.43
23/03/2018,5.53,5.1,9.29,6.83,149.88
25/03/2018,5.13,7.05,6,4.96,115.82
26/03/2018,5.35,5.16,5,3.76,130.67
27/03/2018,6.13,6.48,7.33,6.01,141.14
28/03/2018,5.76,6.39,7.25,6.93,144
29/03/2018,7.62,7.12,8.26,5.98,126.41
30/03/2018,8.76,8.68,8.07,7.8,111.97
31/03/2018,7.95,7.29,5.4,4.16,103.36
01/04/2018,5.71,5.11,7.34,5.86,118.44
02/04/2018,9.26,10.35,9.81,8.68,110.98
03/04/2018,11.86,12.6,9.87,11.27,93.76
04/04/2018,11.04,11.07,9.91,9.75,96.63
05/04/2018,6.73,6.14,10.87,7.22,119.98
06/04/2018,9.87,10.1,10.2,7.55,97.64
07/04/2018,13.32,14.46,7.73,6.46,67.21
08/04/2018,14.9,15.56,6.31,5.77,55.94
09/04/2018,13.63,13.83,7.8,7.3,70.09
10/04/2018,14.28,13.96,6.94,6.59,62.48
11/04/2018,12.84,11.68,6.71,5.37,70.73
12/04/2018,11.63,10.35,6.68,6.51,80.34
13/04/2018,11.49,10.86,6.26,4.84,74.9
14/04/2018,12.6,13.01,4.2,3.87,63.81
15/04/2018,14.24,14.09,5.24,5.5,58.26
16/04/2018,12.25,11.24,7.38,4.33,64.57
17/04/2018,14.74,13.81,7.93,4.39,60.28
18/04/2018,17.52,17.13,5.68,4.25,51.55
19/04/2018,19.58,18.8,5.84,4.38,46.07
20/04/2018,17.65,18.32,5.33,4.91,42.9
21/04/2018,17.09,17.26,5.55,4.25,37.44
22/04/2018,18.61,18.67,8.15,5.74,35.1
23/04/2018,14.75,14.36,11.09,7.76,48.06
24/04/2018,14.16,14.15,12.61,8.34,56.56
25/04/2018,13.13,13.19,12.82,9.51,61.25
26/04/2018,10.05,9.92,11.49,7.3,68.48
27/04/2018,12.53,13.49,6.58,5.47,63.21
28/04/2018,12.58,13.09,7.19,6.92,58.17
29/04/2018,12.11,12.37,9.12,7.59,66.63
30/04/2018,10.19,9.85,12.76,11.78,83.47
01/05/2018,9.6,9.91,10.36,8.59,80.07
02/05/2018,12.74,13.16,10.36,8.58,67.14
03/05/2018,12.27,11.77,5.11,5,63.41
04/05/2018,13.9,14.05,5.36,6.37,56.45
05/05/2018,15.93,16.59,7.04,7.18,42.66
06/05/2018,18.32,18.65,6.42,5.28,37.27
07/05/2018,19.03,18.61,5.08,4.51,42.54
08/05/2018,18.49,19.35,4.43,4.05,40.79
09/05/2018,17.04,16.61,5.75,6.01,39.72
10/05/2018,13.08,12.27,7.03,5.9,40.38
11/05/2018,15.33,15.01,5.02,4.26,43.45
12/05/2018,18.58,18.27,5.25,5.68,35.04
13/05/2018,13.94,14.33,8.12,8.08,40.98
14/05/2018,16.86,16.13,7.31,7.39,48.7
15/05/2018,15.97,15.98,6.22,5.68,47.21
16/05/2018,14.33,13.87,10.79,7.4,49.9
17/05/2018,11.83,12.12,10.06,6.94,54.91
18/05/2018,12.17,11.78,7.96,5.35,56.48
19/05/2018,12.13,11.21,4.37,3.72,53.68
20/05/2018,16.41,16.24,4.98,4.85,39.35
21/05/2018,18.38,18.47,5.38,5.54,36.78
22/05/2018,18.18,17.52,5.54,5.08,42.72
23/05/2018,19.37,18.26,6.69,5.85,42.69
24/05/2018,19.14,17.62,5.8,5.6,42.72
25/05/2018,18.81,19.78,4.15,3.61,38.57
26/05/2018,21.77,22.8,6.32,5.73,31.06
27/05/2018,,,5.6,4.89,30.21
28/05/2018,23.3,23.1,6.01,6.93,36.74
29/05/2018,21.82,21.61,7.53,5.82,37.43
30/05/2018,21.23,21.75,5.19,4.95,37.57
31/05/2018,21.12,20.86,4.89,4.71,34.85
01/06/2018,18.36,17.49,6.78,4.78,38.67
02/06/2018,18.17,17.16,7.18,4.19,32.85
03/06/2018,19.74,19.69,5,3.53,31.3
04/06/2018,19.88,19.48,5.37,6.8,42.25
05/06/2018,18.63,17.71,5.65,5.3,43.83
06/06/2018,20.72,20.81,5.24,5.08,41.6
07/06/2018,20.81,20.39,5.14,4.83,39.8
08/06/2018,19.85,19.22,5.9,5.08,38.2
09/06/2018,20.07,21.02,5.35,5.22,30.58
10/06/2018,20.29,20.55,5.59,6.08,30.96
11/06/2018,20.77,20.04,7.63,8.02,40
12/06/2018,16.97,15.91,7.29,6.62,43.04
13/06/2018,15.92,14.24,7.52,4.52,42.82
14/06/2018,16.13,15.72,9.98,6.33,42.82
15/06/2018,18.75,18.23,5.25,4.03,38.24
16/06/2018,18.65,18.16,8.66,6.48,31.95
17/06/2018,18.55,17.1,10.54,6.71,33.42
18/06/2018,19.05,17.09,11.3,6.71,41.84
19/06/2018,19.93,18.68,7.2,4.83,42.91
20/06/2018,21.43,21.39,7.22,5.46,44.9
21/06/2018,17.76,16.45,13.2,8.73,46.4
22/06/2018,13.12,13.48,10.93,8.06,46.27
23/06/2018,15.08,15.74,6.66,4.91,37.19
24/06/2018,15.56,16.07,7.09,6.32,36.38
25/06/2018,16.07,16.58,6.54,5.35,42.21
26/06/2018,16.81,17.68,6.32,5.33,41.05
27/06/2018,18.16,18.36,8.05,6.16,40.42
28/06/2018,20.27,19.31,8.11,5.88,38
29/06/2018,20.45,19.81,8.12,6.3,36.02
30/06/2018,20.52,22.28,8.71,6.78,29.76
01/07/2018,19.27,21.2,8.06,8.17,30.34
02/07/2018,19.73,21.71,7.26,7.51,37.91
03/07/2018,20.34,21.35,5.7,5.85,38.38
04/07/2018,21.7,20.84,5.72,4.68,37.81
05/07/2018,21.41,19.33,6.74,5.34,38.35
06/07/2018,19.94,19.36,6.36,4.31,34.38
07/07/2018,20.55,19.83,5.97,4.92,29.1
08/07/2018,19.94,19.21,6.24,5.6,28.11
09/07/2018,19.76,19.32,7.81,6.48,36.58
10/07/2018,16.72,16.55,7.51,7.02,39.5
11/07/2018,17.88,18.09,6.94,6.52,38.57
12/07/2018,19,19.21,7.37,6.24,38.3
13/07/2018,19.53,20.24,6.13,4.89,35.87
14/07/2018,20.5,21.07,4.85,4.86,29.2
15/07/2018,22.33,21.51,4.19,4.21,27.92
16/07/2018,22.68,22.23,5.19,4.65,35.19
17/07/2018,19.95,19.19,8.96,5.18,34.63
18/07/2018,20.71,20.51,6.8,4.11,34.73
19/07/2018,21.21,21.26,6.32,4.66,34.57
20/07/2018,21.68,21.07,5.13,5.35,34.12
21/07/2018,20.95,20.06,6.54,5.46,27.02
22/07/2018,20.49,20.46,6.96,4.12,26.6
23/07/2018,,21.81,5.59,2.88,31.01
24/07/2018,25.06,24.04,5.46,4.26,32.26
25/07/2018,24.55,24.24,5.87,5.75,31.16
26/07/2018,25.08,24.69,5.96,4.2,32.23
27/07/2018,26.13,25.99,5.8,5.8,32.33
28/07/2018,22.74,21.99,8.37,6.86,28.02
29/07/2018,24,23.49,8.67,6.43,26
30/07/2018,24.76,24.63,6.5,5.84,33.37
31/07/2018,23.6,23.42,6.25,5.2,34.6
01/08/2018,23.06,23.93,4.11,6.12,34.58
02/08/2018,23.34,23.27,4.24,4.52,33.03
03/08/2018,25.71,25.37,4.3,4.35,32.24
04/08/2018,23.73,23.66,6.1,6.01,24.64
05/08/2018,23.1,22.92,5.31,5.9,25.39
06/08/2018,24.23,23.98,3.7,4.84,31.68
07/08/2018,25.99,25.4,5.54,5.68,31.04
08/08/2018,22.31,20.52,7.34,7.28,33.93
09/08/2018,21.57,20.15,9.52,8.52,34.78
10/08/2018,18.66,16.78,11.05,8.29,36.31
11/08/2018,18.25,17.52,7.3,5.48,30.46
12/08/2018,22.18,22.22,6.55,6.75,27.98
13/08/2018,21,18.97,8.23,6.8,35.09
14/08/2018,20.2,18.78,9.13,5.36,36.93
15/08/2018,20.15,18.69,7.84,5.95,31.7
16/08/2018,20.06,20.28,5.61,4.65,39.12
17/08/2018,19.85,19.26,5.01,4.34,37.88
18/08/2018,20.88,20.3,6.49,5.6,31.92
19/08/2018,21.85,21.31,7.38,7.11,30.96
20/08/2018,22.78,21.36,5.1,3.76,40.3
21/08/2018,22.73,22.25,4,4.49,40.5
22/08/2018,22.15,20.87,5.45,4.89,40.16
23/08/2018,21.62,19.26,7.91,6.97,40.39
24/08/2018,17.79,16.57,9.04,6.77,41.83
25/08/2018,13.78,12.32,8.17,6.42,36
26/08/2018,15.19,13.93,10.44,7.5,36.27
27/08/2018,17.48,16.42,7.54,6.54,44.35
28/08/2018,17.73,16.95,3.57,3.04,41.16
29/08/2018,17.98,17.69,5.72,5.19,43.36
30/08/2018,16.64,15.27,7.35,4.48,44.84
31/08/2018,15.55,13.77,3,3.18,43.58
01/09/2018,15.33,14.02,4,2.94,37.82
02/09/2018,16.97,16.95,5.13,5.27,35.7
03/09/2018,18.54,17.65,5.36,4.09,42.9
04/09/2018,19.85,18.45,6.17,3.27,41.47
05/09/2018,19.04,19.55,4.96,4.2,42.29
06/09/2018,17.22,17.34,5.14,5.04,43.08
07/09/2018,16.66,14.87,10.28,6.5,44.09
08/09/2018,16.66,16.02,7.73,5.31,40.97
09/09/2018,18.68,18.28,6.82,4.97,36.96
10/09/2018,19.04,17.71,7.59,5.12,46.88
11/09/2018,20.48,19.26,10.4,7.25,47.31
12/09/2018,16.94,16.94,4.13,5.26,49.84
13/09/2018,16.5,15.48,3.6,3.86,50.12
14/09/2018,16.41,15.19,7.55,5.04,50.11
15/09/2018,16.16,15.49,6.08,4.68,40.96
16/09/2018,16.6,16.89,6.24,3.49,39.72
17/09/2018,18.7,17.93,5.65,4.01,47.29
18/09/2018,19.86,18.95,10.07,7.29,45.49
19/09/2018,19.75,18.85,8.67,6.17,46.54
20/09/2018,20.11,19.35,8.01,7.37,45.74
21/09/2018,16.95,16.02,14.41,10.13,46.82
22/09/2018,13.15,12.67,7.24,6.01,48.89
23/09/2018,11.02,11.13,6.65,5.69,57.74
24/09/2018,10.41,9.03,8.28,5.14,71.2
25/09/2018,10.05,9.12,4.31,2.74,72.02
26/09/2018,12.03,11.07,6.28,3.66,71.59
27/09/2018,14.45,12.96,5.17,3.21,64.42
28/09/2018,12.83,12.54,6.91,5.79,67.7
29/09/2018,9.55,9.21,3.85,3.08,65.81
30/09/2018,11.4,12.18,6.36,3.91,65.38
01/10/2018,9.97,9.44,8.56,7.11,85.22
02/10/2018,12.14,11.39,10.63,7.04,84.5
03/10/2018,13.42,11.97,8.05,4.81,72.97
04/10/2018,12.91,12.7,5.51,3.77,71.78
05/10/2018,13.99,13.51,6.01,3.72,65.03
06/10/2018,15.71,15.97,7.5,6.72,50.65
07/10/2018,12.11,10.55,4.65,5.12,61.56
08/10/2018,11.99,10.99,5.84,2.8,77.23
09/10/2018,13.32,12.08,4.33,2.45,70.35
10/10/2018,16.31,16.83,6.64,6.63,62.25
11/10/2018,17.69,18.01,8.14,7.66,54.79
12/10/2018,17.26,17.52,8.21,6.3,49.29
13/10/2018,18.17,18.15,8.1,6.57,41.36
14/10/2018,17.17,17.51,7.89,7.75,41.01
15/10/2018,15.77,15.29,6.19,6.15,50.45
16/10/2018,15.37,14.7,4.21,3.59,53.28
17/10/2018,14.37,13.16,3.51,3.47,56.84
18/10/2018,12.4,12.25,4.8,5.28,63.88
19/10/2018,10.97,10.41,3.73,3.31,70.52
20/10/2018,11.12,8.63,4.97,1.98,69.08
21/10/2018,11.52,10.31,5.68,2.9,68.95
22/10/2018,11.02,8.91,7.78,5.68,83.65
23/10/2018,12.64,12.04,16.01,8.88,91.95
24/10/2018,12.37,13.12,10.23,6.89,81.52
25/10/2018,12.59,11.53,7.72,5.56,84.85
26/10/2018,9.57,8.78,7.59,7.3,96.18
27/10/2018,7.22,5.91,5.74,5.58,105.03
28/10/2018,5.88,4.22,9.14,8.86,118.26
29/10/2018,7.4,5.79,11.52,9.73,141.12
30/10/2018,7.86,7.05,11.95,11.54,138.11
31/10/2018,9.49,9.24,7.89,7.72,112.59
01/11/2018,11.03,10.41,10.08,8.02,99.11
02/11/2018,8.58,6.58,6.47,4.79,107.11
03/11/2018,6.47,4.51,5.73,2.99,111.69
04/11/2018,8,7.95,5.65,4.45,106.8
05/11/2018,9.4,9.8,6.52,5.09,108.58
06/11/2018,13.01,13.27,7.65,6.75,88.27
07/11/2018,10.85,11.94,10.71,8.89,96.9
08/11/2018,9.25,8.83,6.01,4.76,99.68
09/11/2018,10.13,9.4,8.82,6.34,102.84
10/11/2018,10.81,11.3,10,9.56,93.03
11/11/2018,10.01,11.23,8.12,8.86,91.52
12/11/2018,9.66,10.04,6.34,5.81,104.78
13/11/2018,9.93,10.01,10.05,7.23,107.24
14/11/2018,8.1,7.3,6.37,4.23,113.59
15/11/2018,6.65,6.01,4.64,4.07,122.19
16/11/2018,3.56,4.28,3.97,4.41,141.46
17/11/2018,3.55,3.85,6.93,6.53,136.64
18/11/2018,3,2.47,8.78,7.31,147.95
19/11/2018,3.77,3.47,12.39,11.53,169.48
20/11/2018,3.06,2.84,11.31,8.98,177.86
21/11/2018,3.68,3.08,6.28,4.84,166.86
22/11/2018,3.15,1.76,4.99,3.18,166.54
23/11/2018,4.41,4.34,6.36,5.05,153.81
24/11/2018,3.73,3.44,5.07,4.17,148.19
25/11/2018,4.22,3.63,7.9,6.12,147.5
26/11/2018,4.34,4.38,7.23,5.1,158.38
27/11/2018,3.02,3.23,8.18,4.54,164.22
28/11/2018,5.46,5.69,11.74,7.65,161.35
29/11/2018,6.22,7.37,12.5,7.01,144.34
30/11/2018,4.93,7.06,10.61,6.1,135.19
01/12/2018,5.26,6.91,10.25,8.02,129.99
02/12/2018,8.36,10.21,12.21,9.85,111.79
03/12/2018,8.22,9.86,9.8,7.61,121.42
04/12/2018,5.83,5.02,5.45,3.42,140.44
05/12/2018,6.04,6.73,8.24,5.7,147.96
06/12/2018,8.49,9.73,10.95,8.75,125.82
07/12/2018,8.26,8.31,13.75,11.87,125.94
08/12/2018,9.07,8.59,18.76,14.23,121.64
09/12/2018,7.58,6.8,15.15,10.06,126.68
10/12/2018,5.31,3.79,10.71,7.37,161.13
11/12/2018,3.23,2.4,5.81,2.99,162.83
12/12/2018,1.72,0.01,5.33,4.44,180.68
13/12/2018,0.36,-1.01,7.5,6.7,191.48
14/12/2018,0.39,-0.9,5.13,4.14,190.57
15/12/2018,0.01,-1.47,11.11,7.5,191.54
16/12/2018,1.79,1.47,7.1,5.19,177.5
17/12/2018,4.55,4.34,8.23,6.88,167.27
18/12/2018,5.3,4.12,9.76,7.44,161.95
19/12/2018,5.28,5.19,10.05,6.19,153.33
20/12/2018,4.95,5.71,10.62,8.52,153.68
21/12/2018,7.41,8.11,13.39,12.89,133.2
22/12/2018,9.08,7.85,12.69,8.84,114.46
23/12/2018,7.51,7.03,7.78,5.98,117.66
24/12/2018,5.29,4.47,6.06,3.79,128
25/12/2018,3.82,1.12,8.99,4.64,136.61
26/12/2018,3.59,0.08,6.33,3.22,152.56
27/12/2018,2.87,0.54,4,2.56,162.92
28/12/2018,4.69,0.88,6.05,4.35,161.24
29/12/2018,6.52,5.58,22.11,12.99,138.05
30/12/2018,7.61,6.43,10.13,6.33,123.78
31/12/2018,7.89,6.5,9.32,5.67,120.33
01/01/2019,6.94,5.59,14.05,8.67,118.26
02/01/2019,4.09,3.36,10.42,8.63,149.98
03/01/2019,2.18,2.26,7.39,5.06,157.43
04/01/2019,3.88,2.71,10.84,6.52,157.46
05/01/2019,5.33,4.41,12.4,8,138.03
06/01/2019,4.59,3.86,7.04,4.44,137.56
07/01/2019,5.51,5.34,12.57,8.76,150.41
08/01/2019,5.81,5,18.87,14.25,154.53
09/01/2019,3.43,2.6,9.5,9.12,164.03
10/01/2019,3.27,1.63,6.57,5.72,174.36
11/01/2019,4.99,3.93,11.63,6.57,160.95
12/01/2019,6.79,4.95,15.36,9.66,142.92
13/01/2019,7.94,6.81,18.66,12.54,134.12
14/01/2019,4.31,3.74,11.43,9.25,159.64
15/01/2019,6.49,4.13,16.79,10.3,160.41
16/01/2019,5.64,3.6,13.93,11.4,166.08
17/01/2019,3.72,2,10.14,8.63,178.28
18/01/2019,0.49,-1.37,6.81,4.67,188.72
19/01/2019,-0.99,-2.08,7.06,5.41,192.03
20/01/2019,-1.89,-3.21,3.32,3.59,201.19
21/01/2019,-1.04,-2.62,6.23,4.04,215.3
22/01/2019,-1.75,-2.21,10.38,7.2,226.06
23/01/2019,-1.48,-2.37,5.72,5.97,217.47
24/01/2019,-1.22,-1.91,6.09,3.9,216.99
25/01/2019,2.17,0.38,12.87,8.15,202.43
26/01/2019,6.24,4.01,15.03,10.43,158.94
27/01/2019,4.13,2.98,14.61,12.43,160.3
28/01/2019,3.29,2.14,12.16,9.84,185.54
29/01/2019,1.65,0.52,9.2,7.49,187.98
30/01/2019,0.61,-0.28,6.46,6.33,201.94
31/01/2019,-0.79,-1.69,8.3,7.5,209.18
01/02/2019,2.38,2.99,7.01,6.04,191.96
02/02/2019,3.61,2.11,6.65,5.77,173.15
03/02/2019,2.58,1.86,8.7,6.09,165.98
04/02/2019,2.47,1.48,13.93,11.24,200.01
05/02/2019,3.54,1.76,8.34,5.9,183.39
06/02/2019,4.68,3.94,10.13,8.17,175.66
07/02/2019,5.98,5.95,16.53,12.12,154.69
08/02/2019,7.52,6.72,18.33,14.29,154.13
09/02/2019,7.23,6.84,17.82,13.63,134.2
10/02/2019,5.68,6,14.05,13.99,142.24
11/02/2019,4.54,3.23,11.21,7.68,160.59
12/02/2019,5.18,2.87,12.15,7.43,161.5
13/02/2019,5.11,2.7,8.63,5.46,160.23
14/02/2019,6.29,4.61,5.86,3.3,148.12
15/02/2019,7.56,5.27,6.39,4.22,131.69
16/02/2019,7.02,4.91,5.73,4.3,117.88
17/02/2019,7.7,6.31,7.14,4.9,113.96
18/02/2019,8.06,6.97,7.1,5.43,121.31
19/02/2019,7.84,6.04,11.19,7.27,129.52
20/02/2019,7.63,6.35,9.7,6.07,125.21
21/02/2019,9.01,8.42,8.71,5.78,124.59
22/02/2019,7.11,7.54,6.52,3.87,122.36
23/02/2019,4.78,5.71,6.88,6.16,116.81
24/02/2019,6.21,6.14,4.14,3.66,117.33
25/02/2019,9.57,7.02,5.05,3.75,115.53
26/02/2019,10.66,8.16,6.1,2.79,106.32
27/02/2019,10.01,8.82,6.04,4.52,101.63
28/02/2019,9.99,9.4,11.35,9.63,111.55
01/03/2019,6.86,6.5,9.21,6.75,126
02/03/2019,8.42,7.98,12.8,9.43,110.16
03/03/2019,11.32,10.68,19.68,14.82,104.92
04/03/2019,8.49,7.21,21.16,16.6,122.45
05/03/2019,7.84,7.57,13.4,10.36,123.07
06/03/2019,10.08,10.92,13.31,12.12,119.71
07/03/2019,9.2,8.52,21.05,17.28,116.97
08/03/2019,8.82,7.71,14.84,10.3,118.01
09/03/2019,9.26,9.07,17.09,12.14,113.2
10/03/2019,6.82,7.11,16.95,16.05,129.66
11/03/2019,5.42,4.35,16.99,12.22,152.16
12/03/2019,6.71,6.32,20.81,15.57,149.75
13/03/2019,7.61,6.43,,14.67,150.63
14/03/2019,8.37,7.3,18.92,13.35,139.57
15/03/2019,9.66,8.71,17.69,12.21,125.59
16/03/2019,9.55,10.39,21.74,15.7,113.87
17/03/2019,7.24,6.5,15.29,13.2,113.28
18/03/2019,5.06,3.89,9.39,6.27,136.34
19/03/2019,6.97,5.74,6.99,4.6,127.55
20/03/2019,8.49,7.69,7.9,4.92,118.75
21/03/2019,8.56,7.96,5.06,4.2,108.62
22/03/2019,9.89,10.1,5.12,4.82,92.46
23/03/2019,8.86,8.99,5.23,5.84,95.91
24/03/2019,8.33,7.73,9.01,6.86,93.66
25/03/2019,7.54,7.21,15.22,11.81,119.34
26/03/2019,7.51,6.59,8.58,5.29,118.98
27/03/2019,8.6,8.24,6.33,3.92,108.93
28/03/2019,8.42,7.64,4.07,3.27,108.3
29/03/2019,10.21,9.76,3.32,3.67,87.8
30/03/2019,11.89,11.58,5.16,5.12,69.71
31/03/2019,9.42,8.87,11.54,10.66,82.45
01/04/2019,9.67,9.84,8.32,6.2,94.26
02/04/2019,10.37,10.41,10.05,9.69,94.6
03/04/2019,7.22,7.52,8.6,8.28,107.94
04/04/2019,7.73,6.88,6.95,6.04,113.4
05/04/2019,9.37,8.46,7.5,6.86,100.11
06/04/2019,10.64,11.22,6.42,6.35,82
07/04/2019,14.1,14.1,7.5,6.19,62.63
08/04/2019,12.84,10.96,7.82,4.11,75.29
09/04/2019,10.55,10.22,11.16,9.1,87.51
10/04/2019,7.14,7.37,11.99,10.33,99.54
11/04/2019,6.7,6.87,10.57,7.77,106.64
12/04/2019,5.38,4.64,9.9,7.49,119.68
13/04/2019,4.2,3.7,9.57,8.45,118.89
14/04/2019,6.17,5.64,8.02,7.43,111.81
15/04/2019,10.68,10.35,9.26,7.77,96.45
16/04/2019,12.22,12.49,7.78,6.3,82.62
17/04/2019,12.61,12.04,6.71,4.93,78.62
18/04/2019,15.35,15.47,8.31,8.9,64.78
19/04/2019,16.56,15.64,6.35,6.69,55.84
20/04/2019,16.37,16.28,6.28,6.15,45.05
21/04/2019,15.85,15.81,5.49,5.46,39.69
22/04/2019,17.2,18.28,9.68,10.69,40.53
23/04/2019,14.36,16.28,11.45,10.23,51.42
24/04/2019,16.66,16.14,13.85,13.75,49.93
25/04/2019,14.22,13.68,10.03,10.75,55.93
26/04/2019,14.05,12.22,10.77,7.99,57.98
27/04/2019,10.61,9.91,14.66,9.89,63.23
28/04/2019,9.48,7.01,6.94,4.67,73.72
29/04/2019,10.7,10.03,8.19,6.12,77.57
30/04/2019,10.32,9.48,7.5,5.42,81.01
01/05/2019,10.16,9.75,6.49,3.84,71.98
02/05/2019,11.54,10.91,8.56,6.43,79.36
03/05/2019,8.56,8.6,7.93,6.08,85.69
04/05/2019,7.09,6.59,10.19,9.23,87.15
05/05/2019,6.51,5.49,10.32,6.99,93.63
06/05/2019,7.91,6.63,8.47,5.77,106.79
07/05/2019,9.71,9.63,6.37,4.75,91.59
08/05/2019,11.03,10.59,11.47,9.65,89.9
09/05/2019,12.31,12.06,9.16,7,76.28
10/05/2019,11.52,11.37,7.53,4.96,72.43
11/05/2019,10.88,10.34,9.09,9.05,63.86
12/05/2019,9.46,8.8,8.68,7.01,71.56
13/05/2019,10.21,9.75,8.62,7.26,76.43
14/05/2019,10.11,9.24,9.77,6.97,73.15
15/05/2019,10.47,10.13,9.84,6.39,70
16/05/2019,11.96,12.04,8.43,8.25,66.49
17/05/2019,12.01,11.91,6.77,6.66,68.54
18/05/2019,15.34,16.05,5.88,6.01,48.02
19/05/2019,15.08,14.94,8.16,7.26,47.13
20/05/2019,13.02,11.9,10.34,7.97,63.1
21/05/2019,12.54,12.08,12.4,8.58,68.3
22/05/2019,13.47,13.45,8.22,5.09,58.86
23/05/2019,15.42,15.86,7.87,5.39,51.73
24/05/2019,15.59,15.99,7.57,6.03,45.95
25/05/2019,15.53,14.27,5.17,4.22,41.61
26/05/2019,17.14,16.25,11.56,9,39.66
27/05/2019,15.48,14.48,8.77,6.03,47.57
28/05/2019,12.04,11.02,7.03,5.21,56.98
29/05/2019,14.2,13.75,9.58,5.56,52.36
30/05/2019,16.07,15.53,10.98,8.31,43.58
31/05/2019,17.3,15.36,9.33,5.53,40.48
01/06/2019,20.68,19.38,6.44,4.59,33.97
02/06/2019,22.9,22.23,8.74,6.85,31.2
03/06/2019,18.4,18.34,6.83,6.04,40.9
04/06/2019,20.99,20.42,7.42,6.83,40.53
05/06/2019,17.42,18.06,8.57,7.92,41.9
06/06/2019,15.9,15.62,8.9,7.87,44.12
07/06/2019,17.6,17.86,13.75,14.88,43.28
08/06/2019,15.89,14.09,17.28,12.66,41.13
09/06/2019,17.84,17.09,6.48,6.07,35.48
10/06/2019,19.62,17.48,9.5,6.82,36.36
11/06/2019,18.78,17.49,7.62,6.91,43.73
12/06/2019,17.33,15.49,8.55,7.75,49.48
13/06/2019,17.82,16.43,10.99,9.01,49.22
14/06/2019,20.36,20.78,7.38,6.94,43.46
15/06/2019,19.09,17.85,7.57,6.89,36.3
16/06/2019,18.43,16.86,9.5,5.77,35.19
17/06/2019,20.54,20.48,6.2,4.6,39.14
18/06/2019,22.35,22.56,5.14,4.89,40.35
19/06/2019,20.97,20.53,6.81,6.77,41
20/06/2019,18.15,16.98,9.12,7.7,37.94
21/06/2019,18.41,16.39,7.26,5.59,39.56
22/06/2019,19.2,18.56,7.05,6.75,31.95
23/06/2019,22.44,22.2,7.24,5.78,30.74
24/06/2019,24.99,24.91,6.5,5.39,37.61
25/06/2019,25.95,25.94,7.77,7.23,37.11
26/06/2019,23.38,22.56,7.73,7.93,39.66
27/06/2019,21.24,21.64,10.17,8.39,38.31
28/06/2019,20.27,21.32,7.25,6.95,36.67
29/06/2019,24.53,25.01,5.4,5.37,29.38
30/06/2019,23.22,23.37,8.95,7.6,28.34
01/07/2019,21.5,19.74,9.42,7.93,38.08
02/07/2019,19.2,19.28,6.83,6.68,38.97
03/07/2019,17.54,17.75,7.44,7.66,40.99
04/07/2019,19.35,19.76,5.24,5.17,40.45
05/07/2019,20.15,20.43,7.39,6.02,35.47
06/07/2019,20.52,19.42,8.59,7.57,31.23
07/07/2019,16.98,15.79,8.93,6.54,31.19
08/07/2019,15.79,14.67,8.24,6.45,43.2
09/07/2019,16.84,16.23,6.41,5.37,42.59
10/07/2019,17.4,17.33,6.81,4.91,42.59
11/07/2019,19.78,17.89,6.72,5.53,42.16
12/07/2019,18,16.44,8.26,6.48,38.83
13/07/2019,16.74,16.43,9.42,6.61,31.41
14/07/2019,16.26,15.56,7.95,5.68,32.54
15/07/2019,16.91,15.78,5.77,5.41,43.82
16/07/2019,17.58,16.83,4.92,3.78,42.57
17/07/2019,20.29,19.71,4.92,4.14,40.35
18/07/2019,20.3,19.63,7.03,6.74,39.93
19/07/2019,21.53,20.81,6.07,5.74,37.63
20/07/2019,22.11,21.28,8.95,7.43,30.15
21/07/2019,21.43,18.98,8.03,4.71,31.33
22/07/2019,23.42,22.3,7.22,5.77,36.51
23/07/2019,26.5,25.89,6.74,4.85,34.13
24/07/2019,26.98,27.65,5.26,4.98,33.47
25/07/2019,29.21,28.13,5.98,6.37,31.56
26/07/2019,27.6,24.43,7.1,7.12,31.48
27/07/2019,20.82,19.62,6.82,6.01,28.87
28/07/2019,19.8,17.36,8.48,5.8,27.16
29/07/2019,20.73,19.43,7.24,4.05,30.85
30/07/2019,22.98,21.81,10.35,8.03,32.03
31/07/2019,20.33,17.83,11.66,7.92,35.67
01/08/2019,20.89,19.49,8.36,6.3,35.79
02/08/2019,20.12,18,8.29,7.58,33.98
03/08/2019,18.28,17.33,6.23,3.47,28.63
04/08/2019,21.25,20.69,4.85,4.17,27.42
05/08/2019,22.06,20.88,8.59,6.91,35.09
06/08/2019,21.31,19.18,8.29,7.33,35.42
07/08/2019,21.75,18.63,11.33,8.52,34.94
08/08/2019,21.06,20.34,7.67,6.19,36.86
09/08/2019,22.81,22.08,9.38,7.77,34.85
10/08/2019,21.84,20.73,16.18,11.51,29.53
11/08/2019,20.64,20.58,10.74,8.98,30.64
12/08/2019,18.81,16.53,7.9,7.26,40.43
13/08/2019,16.48,13.91,9.76,5.99,42.53
14/08/2019,17.85,16.47,10.18,7.46,41.14
15/08/2019,18.46,16.84,10.78,8.2,34.96
16/08/2019,18.72,18.02,9.53,7.19,37.91
17/08/2019,19.48,18.15,9.08,7.61,33.66
18/08/2019,20.18,18.84,8.74,7.41,34.28
19/08/2019,20.68,17.49,10.95,8.76,45.44
20/08/2019,19.39,16.22,8.5,5.59,45.55
21/08/2019,17.41,16.02,6.58,3.59,45.01
22/08/2019,18.92,18.09,6.36,4.96,45.37
23/08/2019,21.11,19.36,3.8,3.93,41.11
24/08/2019,23.03,21.07,4.19,4.75,34.54
25/08/2019,23.03,21.46,3.61,3.14,32.75
26/08/2019,23.93,22.24,5.1,3.94,43.26
27/08/2019,25.39,23.17,5.85,3.93,43.94
28/08/2019,24.29,22.28,7.13,6.18,44.46
29/08/2019,21.49,18.45,7.26,5.39,44.15
30/08/2019,21.08,18.72,5.28,4.31,42.32
31/08/2019,23.29,21.01,6.81,8.27,33.95
01/09/2019,19.48,17.31,7.88,6.01,35.93
02/09/2019,16.91,15.31,9.48,5.05,44.77
03/09/2019,17.42,16.01,9.24,6.59,45.23
04/09/2019,17.22,16,10.32,7.85,49.53
05/09/2019,16.15,12.54,10.53,6.15,53.16
06/09/2019,15.88,13.85,9.82,7.41,52.87
07/09/2019,14.62,13.14,7.4,5.16,48.76
08/09/2019,14.35,11.06,6.08,4.86,47.72
09/09/2019,13.59,11.39,6.52,3.64,56.95
10/09/2019,16.02,13.97,5.66,3.76,56.42
11/09/2019,17.16,15.89,9.5,7.74,57.1
12/09/2019,19.76,18.12,10.44,7.33,48.82
13/09/2019,18.76,16.71,6.26,5.11,47.8
14/09/2019,16.05,15.47,4.54,3.62,42.01
15/09/2019,18.06,17.74,6.45,4.92,41.01
16/09/2019,17.44,16.45,5,4.21,54.15
17/09/2019,14.68,14.09,8.56,5.67,57.29
18/09/2019,13.38,12.9,6.29,5.15,61.48
19/09/2019,12.53,11.64,5,4.32,64.4
20/09/2019,13,12.46,5.29,5.12,64.72
21/09/2019,16.45,16.39,9.46,7.57,50.2
22/09/2019,18.05,18.02,9.56,7.83,42.39
23/09/2019,16.56,14.33,8.32,6.06,55
24/09/2019,16.41,14.45,9.12,5.89,60.75
25/09/2019,16.51,14.53,10.63,7.4,60.53
26/09/2019,16.42,14.85,10.42,7.33,60.32
27/09/2019,17.21,15.62,11.55,9.18,55.47
28/09/2019,15.51,14.75,12.47,10.38,50.67
29/09/2019,16.7,15.68,15.29,13.84,56.26
30/09/2019,16.33,15.23,12.13,9.25,60.17
